Field,Field1,Field2,Field3,Field4,Field5,Field6,Field7,Field8,Field9,Field10,Field11,sortcell,Field12,Field13,Field14,Field15
Hollinger Stats - Player Efficiency Rating - All Players,,,,,,,,,,,,,,,,
RK,PLAYER,GP,MPG,TS%,AST,TO,USG,ORR,DRR,REBR,PER,,VA,EWA,,
1,"LeBron James, MIA",62,37.5,.605,19.4,10.7,29.8,5.0,19.7,12.6,30.80,30.80,704.8,23.5,http://insider.espn.go.com/nba/players/hollinger?playerId=1966,LeBron James
2,"Kyrylo Fesenko, IND",3,5.7,.524,11.6,0.0,18.8,13.3,46.0,29.8,29.81,29.81,4.9,0.2,http://insider.espn.go.com/nba/players/hollinger?playerId=3205,Kyrylo Fesenko
3,"Chris Paul, LAC",60,36.4,.581,32.1,7.3,24.9,2.3,9.4,5.8,27.09,27.09,523.7,17.5,http://insider.espn.go.com/nba/players/hollinger?playerId=2779,Chris Paul
4,"Dwyane Wade, MIA",49,33.2,.559,17.0,9.8,28.9,5.6,11.6,8.7,26.37,26.37,385.0,12.8,http://insider.espn.go.com/nba/players/hollinger?playerId=1987,Dwyane Wade
5,"Kevin Durant, OKC",66,38.6,.610,11.6,12.4,28.4,1.9,20.4,11.8,26.26,26.26,598.9,20.0,http://insider.espn.go.com/nba/players/hollinger?playerId=3202,Kevin Durant
6,"Kevin Love, MIN",55,39.0,.568,7.4,8.5,26.0,11.6,26.4,19.0,25.41,25.41,445.4,14.8,http://insider.espn.go.com/nba/players/hollinger?playerId=3449,Kevin Love
7,"Dwight Howard, ORL",54,38.3,.569,8.3,13.9,23.6,11.0,33.1,21.9,24.29,24.29,423.0,14.1,http://insider.espn.go.com/nba/players/hollinger?playerId=2384,Dwight Howard
8,"Manu Ginobili, SA",34,23.3,.668,27.7,11.8,22.1,2.7,13.9,8.4,24.18,24.18,161.7,5.4,http://insider.espn.go.com/nba/players/hollinger?playerId=272,Manu Ginobili
9,"Blake Griffin, LAC",66,36.2,.557,13.2,9.4,24.7,10.7,25.1,17.8,23.50,23.50,428.3,14.3,http://insider.espn.go.com/nba/players/hollinger?playerId=3989,Blake Griffin
10,"Derrick Rose, CHI",39,35.3,.532,25.0,9.7,30.4,2.2,8.4,5.3,23.10,23.10,248.4,8.3,http://insider.espn.go.com/nba/players/hollinger?playerId=3456,Derrick Rose
RK,PLAYER,GP,MPG,TS%,AST,TO,USG,ORR,DRR,REBR,PER,,VA,EWA,,
11,"Russell Westbrook, OKC",66,35.3,.538,17.7,11.7,30.4,5.0,9.4,7.4,23.00,23.00,417.6,13.9,http://insider.espn.go.com/nba/players/hollinger?playerId=3468,Russell Westbrook
,"Andrew Bynum, LAL",60,35.2,.594,7.2,12.9,21.5,10.6,26.1,18.7,23.00,23.00,390.9,13.0,http://insider.espn.go.com/nba/players/hollinger?playerId=2748,Andrew Bynum
13,"Al Jefferson, UTAH",61,34.0,.520,10.1,4.7,23.7,7.3,25.3,16.2,22.88,22.88,380.3,12.7,http://insider.espn.go.com/nba/players/hollinger?playerId=2389,Al Jefferson
14,"LaMarcus Aldridge, POR",55,36.3,.560,10.2,8.5,24.5,8.6,17.5,12.9,22.73,22.73,334.2,11.1,http://insider.espn.go.com/nba/players/hollinger?playerId=2983,LaMarcus Aldridge
15,"Tim Duncan, SA",58,28.2,.531,12.3,9.1,23.7,7.9,28.2,18.3,22.60,22.60,292.6,9.8,http://insider.espn.go.com/nba/players/hollinger?playerId=215,Tim Duncan
16,"Greg Monroe, DET",66,31.5,.563,12.5,13.3,21.8,13.3,23.6,18.3,22.09,22.09,357.1,11.9,http://insider.espn.go.com/nba/players/hollinger?playerId=4260,Greg Monroe
17,"Tony Parker, SA",60,32.1,.539,28.4,9.4,27.1,1.3,8.7,5.1,22.04,22.04,317.0,10.6,http://insider.espn.go.com/nba/players/hollinger?playerId=1015,Tony Parker
18,"Brook Lopez, NJ",5,27.2,.527,5.8,5.8,29.5,6.6,8.8,7.7,21.96,21.96,23.1,0.8,http://insider.espn.go.com/nba/players/hollinger?playerId=3448,Brook Lopez
19,"Kobe Bryant, LAL",58,38.5,.527,13.2,10.2,33.0,3.5,11.8,7.8,21.95,21.95,381.5,12.7,http://insider.espn.go.com/nba/players/hollinger?playerId=110,Kobe Bryant
20,"Kenneth Faried, DEN",46,22.5,.618,7.6,11.5,16.7,16.5,22.9,19.8,21.94,21.94,172.3,5.7,http://insider.espn.go.com/nba/players/hollinger?playerId=6433,Kenneth Faried
RK,PLAYER,GP,MPG,TS%,AST,TO,USG,ORR,DRR,REBR,PER,,VA,EWA,,
21,"Paul Millsap, UTAH",64,32.8,.545,12.1,9.1,21.6,9.7,21.2,15.4,21.85,21.85,324.5,10.8,http://insider.espn.go.com/nba/players/hollinger?playerId=3015,Paul Millsap
22,"Dirk Nowitzki, DAL",62,33.5,.564,9.4,8.1,26.1,2.5,20.0,11.3,21.81,21.81,319.8,10.7,http://insider.espn.go.com/nba/players/hollinger?playerId=609,Dirk Nowitzki
23,"DeMarcus Cousins, SAC",64,30.5,.499,7.1,11.8,27.0,14.2,25.9,19.8,21.72,21.72,297.4,9.9,http://insider.espn.go.com/nba/players/hollinger?playerId=4258,DeMarcus Cousins
24,"Brandan Wright, DAL",49,16.1,.632,4.3,6.9,14.9,8.9,15.8,12.4,21.66,21.66,119.9,4.0,http://insider.espn.go.com/nba/players/hollinger?playerId=3242,Brandan Wright
25,"Patty Mills, SA",16,16.3,.604,19.3,12.9,26.5,1.8,10.3,6.2,21.60,21.60,41.3,1.4,http://insider.espn.go.com/nba/players/hollinger?playerId=4004,Patty Mills
26,"Kyrie Irving, CLE",51,30.5,.566,21.7,12.6,27.8,3.1,11.2,7.0,21.49,21.49,243.9,8.1,http://insider.espn.go.com/nba/players/hollinger?playerId=6442,Kyrie Irving
27,"Nikola Pekovic, MIN",47,26.9,.607,4.7,13.3,19.6,15.8,14.6,15.2,21.47,21.47,205.1,6.8,http://insider.espn.go.com/nba/players/hollinger?playerId=3453,Nikola Pekovic
28,"Stephen Curry, GS",26,28.2,.605,26.6,12.5,23.1,2.3,11.3,6.8,21.23,21.23,111.8,3.7,http://insider.espn.go.com/nba/players/hollinger?playerId=3975,Stephen Curry
,"Ryan Anderson, ORL",61,32.2,.589,5.7,6.0,19.0,13.0,14.7,13.8,21.23,21.23,285.1,9.5,http://insider.espn.go.com/nba/players/hollinger?playerId=3412,Ryan Anderson
30,"Marcin Gortat, PHX",66,32.0,.578,5.7,8.8,18.5,10.0,25.0,17.6,21.21,21.21,334.8,11.2,http://insider.espn.go.com/nba/players/hollinger?playerId=2758,Marcin Gortat
RK,PLAYER,GP,MPG,TS%,AST,TO,USG,ORR,DRR,REBR,PER,,VA,EWA,,
31,"Carmelo Anthony, NY",55,34.1,.525,13.1,9.4,29.2,5.4,15.9,10.6,21.15,21.15,298.3,9.9,http://insider.espn.go.com/nba/players/hollinger?playerId=1975,Carmelo Anthony
32,"Josh Smith, ATL",66,35.3,.499,15.4,9.9,26.0,6.9,24.8,15.9,21.14,21.14,335.1,11.2,http://insider.espn.go.com/nba/players/hollinger?playerId=2411,Josh Smith
33,"James Harden, OKC",62,31.4,.660,19.8,11.8,20.2,1.9,12.2,7.4,21.13,21.13,300.0,10.0,http://insider.espn.go.com/nba/players/hollinger?playerId=3992,James Harden
34,"Ersan Ilyasova, MIL",60,27.6,.577,8.6,9.2,18.3,12.7,22.8,17.6,20.55,20.55,223.6,7.5,http://insider.espn.go.com/nba/players/hollinger?playerId=2767,Ersan Ilyasova
35,"Pau Gasol, LAL",65,37.4,.547,16.9,10.1,20.8,8.8,21.8,15.6,20.51,20.51,326.8,10.9,http://insider.espn.go.com/nba/players/hollinger?playerId=996,Pau Gasol
,"Tiago Splitter, SA",59,19.0,.649,11.3,15.1,18.7,9.7,21.4,15.7,20.51,20.51,165.8,5.5,http://insider.espn.go.com/nba/players/hollinger?playerId=3233,Tiago Splitter
37,"Kevin Garnett, BOS",60,31.1,.550,15.3,9.4,22.3,4.4,25.8,15.6,20.47,20.47,249.4,8.3,http://insider.espn.go.com/nba/players/hollinger?playerId=261,Kevin Garnett
38,"Deron Williams, NJ",55,36.3,.527,26.8,12.2,29.8,1.3,9.6,5.3,20.34,20.34,278.7,9.3,http://insider.espn.go.com/nba/players/hollinger?playerId=2798,Deron Williams
39,"Steve Nash, PHX",62,31.6,.625,44.0,15.2,21.5,1.5,9.1,5.3,20.29,20.29,271.9,9.1,http://insider.espn.go.com/nba/players/hollinger?playerId=592,Steve Nash
40,"Lou Williams, PHI",64,26.3,.525,18.4,5.9,25.6,2.0,8.3,5.1,20.22,20.22,231.4,7.7,http://insider.espn.go.com/nba/players/hollinger?playerId=2799,Lou Williams
RK,PLAYER,GP,MPG,TS%,AST,TO,USG,ORR,DRR,REBR,PER,,VA,EWA,,
41,"Jeremy Lin, NY",35,26.9,.552,26.8,15.6,27.6,2.2,11.1,6.6,19.97,19.97,125.8,4.2,http://insider.espn.go.com/nba/players/hollinger?playerId=4299,Jeremy Lin
42,"JaVale McGee, DEN/WSH",61,25.2,.552,4.2,11.7,18.5,12.1,23.3,17.7,19.90,19.90,213.1,7.1,http://insider.espn.go.com/nba/players/hollinger?playerId=3452,JaVale McGee
43,"David Lee, GS",57,37.2,.549,11.9,11.0,23.3,9.2,19.9,14.6,19.81,19.81,263.2,8.8,http://insider.espn.go.com/nba/players/hollinger?playerId=2772,David Lee
44,"Carlos Boozer, CHI",66,29.5,.549,10.9,10.1,22.2,6.7,25.3,16.1,19.79,19.79,241.0,8.0,http://insider.espn.go.com/nba/players/hollinger?playerId=1703,Carlos Boozer
45,"Paul Pierce, BOS",61,34.0,.567,18.4,11.6,25.5,2.2,15.2,9.0,19.69,19.69,284.6,9.5,http://insider.espn.go.com/nba/players/hollinger?playerId=662,Paul Pierce
46,"James Singleton, WSH",12,21.8,.600,14.1,9.4,14.5,10.7,24.3,17.4,19.66,19.66,31.9,1.1,http://insider.espn.go.com/nba/players/hollinger?playerId=2873,James Singleton
,"Jeremy Evans, UTAH",29,7.5,.632,19.4,7.5,10.7,9.9,16.6,13.2,19.66,19.66,29.7,1.0,http://insider.espn.go.com/nba/players/hollinger?playerId=4295,Jeremy Evans
48,"Joakim Noah, CHI",64,30.4,.561,19.2,11.0,15.3,14.1,21.8,18.0,19.59,19.59,261.0,8.7,http://insider.espn.go.com/nba/players/hollinger?playerId=3224,Joakim Noah
49,"Ty Lawson, DEN",61,34.8,.579,28.4,10.6,20.9,3.1,9.2,6.2,19.43,19.43,267.1,8.9,http://insider.espn.go.com/nba/players/hollinger?playerId=4000,Ty Lawson
50,"Roy Hibbert, IND",65,29.8,.539,10.7,12.7,19.4,12.5,20.7,16.6,19.35,19.35,253.0,8.4,http://insider.espn.go.com/nba/players/hollinger?playerId=3436,Roy Hibbert
Hollinger Stats - Player Efficiency Rating - All Players,,,,,,,,,,,,,,,,
RK,PLAYER,GP,MPG,TS%,AST,TO,USG,ORR,DRR,REBR,PER,,VA,EWA,,
51,"Eric Gordon, NO",9,34.4,.549,13.9,10.7,27.1,0.8,8.7,4.8,19.23,19.23,40.4,1.3,http://insider.espn.go.com/nba/players/hollinger?playerId=3431,Eric Gordon
52,"Al Horford, ATL",11,31.6,.585,15.4,10.2,16.3,8.8,17.1,13.0,19.02,19.02,43.7,1.5,http://insider.espn.go.com/nba/players/hollinger?playerId=3213,Al Horford
53,"Serge Ibaka, OKC",66,27.2,.556,4.3,12.2,13.8,13.2,18.2,15.9,18.98,18.98,200.1,6.7,http://insider.espn.go.com/nba/players/hollinger?playerId=3439,Serge Ibaka
54,"Chris Andersen, DEN",32,15.2,.583,3.6,10.2,13.0,11.9,23.3,17.8,18.97,18.97,60.7,2.0,http://insider.espn.go.com/nba/players/hollinger?playerId=1135,Chris Andersen
55,"Chris Bosh, MIA",57,35.2,.551,9.0,10.2,21.6,5.8,20.5,13.5,18.94,18.94,222.8,7.4,http://insider.espn.go.com/nba/players/hollinger?playerId=1977,Chris Bosh
56,"Thaddeus Young, PHI",63,27.9,.538,8.4,6.3,19.3,8.6,12.0,10.3,18.93,18.93,213.1,7.1,http://insider.espn.go.com/nba/players/hollinger?playerId=3244,Thaddeus Young
,"Anderson Varejao, CLE",25,31.4,.542,12.7,13.3,15.7,15.2,26.8,20.8,18.93,18.93,87.1,2.9,http://insider.espn.go.com/nba/players/hollinger?playerId=2419,Anderson Varejao
58,"Kyle Lowry, HOU",47,32.1,.558,29.8,12.5,21.9,2.9,13.7,8.2,18.89,18.89,177.8,5.9,http://insider.espn.go.com/nba/players/hollinger?playerId=3012,Kyle Lowry
59,"Drew Gooden, MIL",56,26.2,.512,14.4,10.9,24.0,9.5,18.0,13.6,18.88,18.88,161.9,5.4,http://insider.espn.go.com/nba/players/hollinger?playerId=1711,Drew Gooden
60,"Elliot Williams, POR",24,6.2,.537,6.5,5.4,23.9,5.4,9.6,7.4,18.85,18.85,17.9,0.6,http://insider.espn.go.com/nba/players/hollinger?playerId=4294,Elliot Williams
RK,PLAYER,GP,MPG,TS%,AST,TO,USG,ORR,DRR,REBR,PER,,VA,EWA,,
61,"Sean Williams, BOS/DAL",11,9.7,.722,11.7,23.4,12.6,14.2,12.5,13.4,18.75,18.75,11.6,0.4,http://insider.espn.go.com/nba/players/hollinger?playerId=3239,Sean Williams
62,"Danny Granger, IND",62,33.3,.542,8.5,8.5,23.7,4.3,12.3,8.4,18.68,18.68,251.6,8.4,http://insider.espn.go.com/nba/players/hollinger?playerId=2760,Danny Granger
63,"Tyson Chandler, NY",62,33.2,.708,8.6,15.7,11.7,11.8,22.7,17.2,18.66,18.66,248.1,8.3,http://insider.espn.go.com/nba/players/hollinger?playerId=984,Tyson Chandler
64,"Nene , DEN/WSH",39,28.5,.573,12.4,14.9,20.5,6.7,23.3,15.2,18.65,18.65,133.3,4.4,http://insider.espn.go.com/nba/players/hollinger?playerId=1713,Nene 
65,"Chris Wright, GS",24,7.8,.597,5.7,11.3,14.5,11.6,15.8,13.7,18.60,18.60,21.7,0.7,http://insider.espn.go.com/nba/players/hollinger?playerId=6501,Chris Wright
66,"Joe Johnson, ATL",60,35.5,.557,17.0,8.5,23.0,3.0,9.2,6.1,18.50,18.50,253.9,8.5,http://insider.espn.go.com/nba/players/hollinger?playerId=1007,Joe Johnson
67,"Brandon Jennings, MIL",66,35.3,.514,21.0,8.4,24.9,2.3,8.6,5.3,18.46,18.46,259.4,8.6,http://insider.espn.go.com/nba/players/hollinger?playerId=3997,Brandon Jennings
68,"Marc Gasol, MEM",65,36.5,.541,16.9,10.0,18.1,5.8,23.1,14.3,18.41,18.41,276.3,9.2,http://insider.espn.go.com/nba/players/hollinger?playerId=3206,Marc Gasol
69,"Carl Landry, NO",41,24.4,.577,7.0,11.7,21.5,9.5,15.9,12.8,18.31,18.31,101.5,3.4,http://insider.espn.go.com/nba/players/hollinger?playerId=3217,Carl Landry
70,"Jerome Adolphus Jordan, NY",21,5.1,.562,9.2,4.6,14.8,14.8,14.1,14.4,18.30,18.30,12.4,0.4,http://insider.espn.go.com/nba/players/hollinger?playerId=4280,Jerome Adolphus Jordan
RK,PLAYER,GP,MPG,TS%,AST,TO,USG,ORR,DRR,REBR,PER,,VA,EWA,,
71,"Vernon Macklin, DET",23,5.9,.559,10.2,6.1,13.9,12.0,18.3,15.0,18.25,18.25,15.0,0.5,http://insider.espn.go.com/nba/players/hollinger?playerId=6455,Vernon Macklin
72,"Spencer Hawes, PHI",37,24.9,.517,19.8,11.1,19.1,9.4,23.3,16.3,18.19,18.19,104.2,3.5,http://insider.espn.go.com/nba/players/hollinger?playerId=3211,Spencer Hawes
73,"Elton Brand, PHI",60,28.9,.521,12.2,8.2,17.2,9.2,18.3,13.7,18.07,18.07,169.9,5.7,http://insider.espn.go.com/nba/players/hollinger?playerId=91,Elton Brand
74,"Nate Robinson, GS",51,23.4,.534,27.5,8.9,22.8,1.4,8.1,4.8,18.05,18.05,125.5,4.2,http://insider.espn.go.com/nba/players/hollinger?playerId=2782,Nate Robinson
75,"Goran Dragic, HOU",66,26.5,.567,29.5,13.2,21.7,3.5,7.7,5.6,18.03,18.03,183.9,6.1,http://insider.espn.go.com/nba/players/hollinger?playerId=3423,Goran Dragic
76,"Andrea Bargnani, TOR",31,33.3,.538,8.8,10.0,25.8,2.8,16.6,9.8,18.00,18.00,114.0,3.8,http://insider.espn.go.com/nba/players/hollinger?playerId=2987,Andrea Bargnani
77,"Kris Humphries, NJ",62,34.9,.539,9.0,11.9,17.6,12.2,24.8,18.3,17.98,17.98,209.0,7.0,http://insider.espn.go.com/nba/players/hollinger?playerId=2433,Kris Humphries
78,"Jarrett Jack, NO",45,34.0,.540,27.4,10.2,23.0,1.8,11.7,6.8,17.97,17.97,159.1,5.3,http://insider.espn.go.com/nba/players/hollinger?playerId=2768,Jarrett Jack
79,"Zach Randolph, MEM",28,26.3,.500,11.7,9.7,20.7,12.1,23.9,17.9,17.96,17.96,70.8,2.4,http://insider.espn.go.com/nba/players/hollinger?playerId=1017,Zach Randolph
80,"Rudy Gay, MEM",65,37.3,.521,9.9,10.8,23.1,6.1,14.1,10.1,17.85,17.85,265.6,8.9,http://insider.espn.go.com/nba/players/hollinger?playerId=3005,Rudy Gay
RK,PLAYER,GP,MPG,TS%,AST,TO,USG,ORR,DRR,REBR,PER,,VA,EWA,,
81,"David West, IND",66,29.2,.531,13.6,9.1,19.5,6.9,18.3,12.6,17.84,17.84,182.2,6.1,http://insider.espn.go.com/nba/players/hollinger?playerId=2177,David West
82,"Jerryd Bayless, TOR",31,22.7,.561,24.3,10.9,23.6,1.3,9.5,5.5,17.80,17.80,71.6,2.4,http://insider.espn.go.com/nba/players/hollinger?playerId=3417,Jerryd Bayless
83,"John Wall, WSH",66,36.2,.502,28.6,13.7,24.8,2.3,12.0,7.1,17.77,17.77,241.0,8.0,http://insider.espn.go.com/nba/players/hollinger?playerId=4237,John Wall
84,"Cole Aldrich, OKC",26,6.7,.592,5.0,15.0,13.2,9.2,21.6,15.8,17.74,17.74,18.4,0.6,http://insider.espn.go.com/nba/players/hollinger?playerId=4267,Cole Aldrich
85,"Amar'e Stoudemire, NY",47,32.8,.541,5.6,12.1,22.6,7.9,19.8,13.7,17.73,17.73,143.5,4.8,http://insider.espn.go.com/nba/players/hollinger?playerId=1727,Amar'e Stoudemire
86,"Isaiah Thomas, SAC",65,25.5,.574,26.0,10.3,19.7,3.0,8.4,5.6,17.68,17.68,165.0,5.5,http://insider.espn.go.com/nba/players/hollinger?playerId=6472,Isaiah Thomas
87,"Ryan Reid, OKC",5,3.4,.800,0.0,16.7,13.8,7.2,6.3,6.7,17.65,17.65,1.7,0.1,http://insider.espn.go.com/nba/players/hollinger?playerId=4286,Ryan Reid
88,"Rodney Stuckey, DET",55,29.9,.550,19.9,10.1,22.7,2.7,7.8,5.2,17.62,17.62,162.5,5.4,http://insider.espn.go.com/nba/players/hollinger?playerId=3235,Rodney Stuckey
89,"DeJuan Blair, SA",64,21.3,.549,10.7,12.7,19.5,13.2,16.3,14.8,17.61,17.61,138.6,4.6,http://insider.espn.go.com/nba/players/hollinger?playerId=3965,DeJuan Blair
90,"Anthony Randolph, MIN",34,15.2,.532,6.4,13.5,21.4,9.0,17.5,13.2,17.60,17.60,47.1,1.6,http://insider.espn.go.com/nba/players/hollinger?playerId=3455,Anthony Randolph
RK,PLAYER,GP,MPG,TS%,AST,TO,USG,ORR,DRR,REBR,PER,,VA,EWA,,
91,"Andre Iguodala, PHI",62,35.6,.537,28.9,9.8,17.5,2.8,16.4,9.6,17.59,17.59,233.8,7.8,http://insider.espn.go.com/nba/players/hollinger?playerId=2386,Andre Iguodala
92,"Rajon Rondo, BOS",53,36.9,.483,42.3,13.2,21.7,3.9,11.2,7.7,17.55,17.55,191.3,6.4,http://insider.espn.go.com/nba/players/hollinger?playerId=3026,Rajon Rondo
93,"Monta Ellis, GS/MIL",58,36.6,.509,20.5,10.5,28.5,1.1,9.6,5.3,17.53,17.53,222.6,7.4,http://insider.espn.go.com/nba/players/hollinger?playerId=2751,Monta Ellis
94,"Jordan Farmar, NJ",39,21.3,.592,23.9,12.6,22.1,1.0,7.8,4.3,17.46,17.46,80.1,2.7,http://insider.espn.go.com/nba/players/hollinger?playerId=3002,Jordan Farmar
95,"Marcus Thornton, SAC",51,34.9,.544,9.3,7.9,21.5,4.9,6.7,5.8,17.43,17.43,176.2,5.9,http://insider.espn.go.com/nba/players/hollinger?playerId=4017,Marcus Thornton
96,"Kosta Koufos, DEN",48,16.5,.608,5.7,12.5,12.5,14.4,23.3,19.0,17.35,17.35,79.8,2.7,http://insider.espn.go.com/nba/players/hollinger?playerId=3444,Kosta Koufos
97,"Nicolas Batum, POR",59,30.4,.575,9.5,10.2,18.5,5.2,12.6,8.8,17.32,17.32,182.3,6.1,http://insider.espn.go.com/nba/players/hollinger?playerId=3416,Nicolas Batum
98,"Derrick Favors, UTAH",65,21.3,.537,6.4,15.2,18.7,13.0,22.4,17.6,17.05,17.05,120.7,4.0,http://insider.espn.go.com/nba/players/hollinger?playerId=4257,Derrick Favors
99,"Samuel Dalembert, HOU",65,22.2,.551,5.9,14.7,14.8,12.5,24.1,18.3,16.98,16.98,137.6,4.6,http://insider.espn.go.com/nba/players/hollinger?playerId=991,Samuel Dalembert
100,"Taj Gibson, CHI",63,20.4,.522,8.2,10.5,17.2,12.0,16.8,14.4,16.90,16.90,116.9,3.9,http://insider.espn.go.com/nba/players/hollinger?playerId=3986,Taj Gibson
Hollinger Stats - Player Efficiency Rating - All Players,,,,,,,,,,,,,,,,
RK,PLAYER,GP,MPG,TS%,AST,TO,USG,ORR,DRR,REBR,PER,,VA,EWA,,
101,"Mike Conley, MEM",62,35.1,.523,31.5,9.7,18.7,1.2,7.4,4.2,16.79,16.79,187.9,6.3,http://insider.espn.go.com/nba/players/hollinger?playerId=3195,Mike Conley
,"Ramon Sessions, CLE/LAL",64,26.7,.535,30.3,12.1,22.7,2.2,12.0,7.1,16.79,16.79,147.4,4.9,http://insider.espn.go.com/nba/players/hollinger?playerId=3231,Ramon Sessions
103,"Jose Calderon, TOR",53,33.9,.547,43.4,9.6,17.4,1.3,9.1,5.2,16.73,16.73,153.9,5.1,http://insider.espn.go.com/nba/players/hollinger?playerId=2806,Jose Calderon
104,"Gustavo Alfonso Ayon, NO",54,20.1,.552,18.1,11.3,13.7,9.6,19.3,14.5,16.71,16.71,84.7,2.8,http://insider.espn.go.com/nba/players/hollinger?playerId=6546,Gustavo Alfonso Ayon
105,"Kawhi Leonard, SA",64,24.0,.573,12.6,7.9,13.1,7.9,16.4,12.2,16.66,16.66,141.1,4.7,http://insider.espn.go.com/nba/players/hollinger?playerId=6450,Kawhi Leonard
106,"Jason Smith, NO",40,23.7,.537,7.7,9.0,18.3,9.2,15.3,12.3,16.65,16.65,72.7,2.4,http://insider.espn.go.com/nba/players/hollinger?playerId=3232,Jason Smith
107,"Mike Dunleavy, MIL",55,26.3,.597,15.8,7.8,17.9,2.2,13.7,7.8,16.63,16.63,132.3,4.4,http://insider.espn.go.com/nba/players/hollinger?playerId=1708,Mike Dunleavy
108,"Kevin Martin, HOU",40,31.6,.554,13.8,8.8,22.7,1.2,8.6,4.9,16.60,16.60,115.0,3.8,http://insider.espn.go.com/nba/players/hollinger?playerId=2394,Kevin Martin
109,"Danilo Gallinari, DEN",43,31.4,.563,15.6,9.2,19.1,2.5,14.6,8.7,16.58,16.58,122.6,4.1,http://insider.espn.go.com/nba/players/hollinger?playerId=3428,Danilo Gallinari
110,"Paul George, IND",66,29.7,.555,15.9,11.8,18.2,3.2,17.9,10.6,16.55,16.55,176.9,5.9,http://insider.espn.go.com/nba/players/hollinger?playerId=4251,Paul George
RK,PLAYER,GP,MPG,TS%,AST,TO,USG,ORR,DRR,REBR,PER,,VA,EWA,,
111,"Tyreke Evans, SAC",63,34.3,.512,19.3,11.7,22.8,3.1,12.0,7.3,16.48,16.48,176.9,5.9,http://insider.espn.go.com/nba/players/hollinger?playerId=3983,Tyreke Evans
112,"Jason Thompson, SAC",64,25.9,.558,11.8,10.2,14.3,10.5,19.3,14.7,16.41,16.41,143.8,4.8,http://insider.espn.go.com/nba/players/hollinger?playerId=3462,Jason Thompson
,"John Lucas III, CHI",49,14.8,.496,20.7,8.0,25.3,3.4,8.1,5.8,16.41,16.41,58.6,2.0,http://insider.espn.go.com/nba/players/hollinger?playerId=2866,John Lucas III
114,"DeAndre Jordan, LAC",66,27.2,.626,3.5,15.4,10.6,13.2,23.0,18.1,16.39,16.39,155.5,5.2,http://insider.espn.go.com/nba/players/hollinger?playerId=3442,DeAndre Jordan
115,"Hamed Haddadi, MEM",35,5.9,.589,9.0,23.7,16.2,15.6,24.9,20.1,16.31,16.31,17.6,0.6,http://insider.espn.go.com/nba/players/hollinger?playerId=3478,Hamed Haddadi
116,"Charlie Villanueva, DET",13,13.8,.484,5.6,6.5,23.4,5.8,26.8,15.9,16.29,16.29,12.9,0.4,http://insider.espn.go.com/nba/players/hollinger?playerId=2792,Charlie Villanueva
117,"Marcus Camby, HOU/POR",59,22.9,.455,22.3,11.9,13.7,13.3,32.7,22.8,16.25,16.25,114.1,3.8,http://insider.espn.go.com/nba/players/hollinger?playerId=125,Marcus Camby
118,"Antawn Jamison, CLE",65,33.1,.481,9.5,6.5,24.1,6.3,15.7,10.8,16.17,16.17,149.9,5.0,http://insider.espn.go.com/nba/players/hollinger?playerId=385,Antawn Jamison
119,"Hassan Whiteside, SAC",18,6.1,.449,0.0,13.4,13.2,15.4,24.3,19.6,16.16,16.16,7.6,0.3,http://insider.espn.go.com/nba/players/hollinger?playerId=4262,Hassan Whiteside
120,"Chauncey Billups, LAC",20,30.4,.554,20.6,9.8,22.5,0.8,9.1,4.9,16.10,16.10,48.0,1.6,http://insider.espn.go.com/nba/players/hollinger?playerId=63,Chauncey Billups
RK,PLAYER,GP,MPG,TS%,AST,TO,USG,ORR,DRR,REBR,PER,,VA,EWA,,
121,"Devin Harris, UTAH",63,27.6,.564,29.5,11.4,19.8,0.8,6.7,3.7,16.08,16.08,132.0,4.4,http://insider.espn.go.com/nba/players/hollinger?playerId=2382,Devin Harris
122,"Gerald Wallace, NJ/POR",58,35.8,.547,16.3,11.0,19.3,4.8,17.2,10.8,15.98,15.98,169.7,5.7,http://insider.espn.go.com/nba/players/hollinger?playerId=1026,Gerald Wallace
123,"Steve Novak, NY",54,18.9,.684,3.1,5.5,14.3,1.0,10.9,5.9,15.95,15.95,82.9,2.8,http://insider.espn.go.com/nba/players/hollinger?playerId=3018,Steve Novak
124,"Gerald Green, NJ",31,25.2,.574,7.8,12.6,21.5,2.2,14.2,8.0,15.88,15.88,62.8,2.1,http://insider.espn.go.com/nba/players/hollinger?playerId=2761,Gerald Green
125,"Marvin Williams, ATL",57,26.3,.542,11.0,6.1,16.1,6.0,16.9,11.5,15.87,15.87,120.1,4.0,http://insider.espn.go.com/nba/players/hollinger?playerId=2797,Marvin Williams
126,"Jeff Teague, ATL",66,33.1,.552,26.6,11.1,18.5,1.1,7.4,4.3,15.83,15.83,157.4,5.2,http://insider.espn.go.com/nba/players/hollinger?playerId=4015,Jeff Teague
,"Kevin Seraphin, WSH",57,20.6,.549,6.4,12.9,16.4,9.8,17.1,13.4,15.83,15.83,88.3,2.9,http://insider.espn.go.com/nba/players/hollinger?playerId=4289,Kevin Seraphin
128,"Jason Terry, DAL",63,31.7,.540,18.3,10.3,21.7,0.9,7.4,4.2,15.80,15.80,158.2,5.3,http://insider.espn.go.com/nba/players/hollinger?playerId=841,Jason Terry
,"Jordan Hill, HOU/LAL",39,14.1,.522,6.9,13.3,15.3,12.7,26.2,19.5,15.80,15.80,42.7,1.4,http://insider.espn.go.com/nba/players/hollinger?playerId=3994,Jordan Hill
,"Jamal Crawford, POR",60,26.9,.506,16.9,9.8,24.9,1.1,7.5,4.3,15.80,15.80,120.3,4.0,http://insider.espn.go.com/nba/players/hollinger?playerId=165,Jamal Crawford
RK,PLAYER,GP,MPG,TS%,AST,TO,USG,ORR,DRR,REBR,PER,,VA,EWA,,
131,"George Hill, IND",50,25.5,.557,23.1,8.3,16.8,2.8,10.5,6.7,15.77,15.77,100.2,3.3,http://insider.espn.go.com/nba/players/hollinger?playerId=3438,George Hill
132,"Tony Allen, MEM",58,26.3,.541,11.3,13.5,17.0,7.4,10.6,8.9,15.70,15.70,118.4,3.9,http://insider.espn.go.com/nba/players/hollinger?playerId=2367,Tony Allen
133,"Gordon Hayward, UTAH",66,30.4,.568,20.6,10.9,17.2,3.3,9.9,6.6,15.59,15.59,152.4,5.1,http://insider.espn.go.com/nba/players/hollinger?playerId=4249,Gordon Hayward
134,"Matt Barnes, LAL",63,22.9,.554,19.6,11.4,15.6,7.9,18.3,13.3,15.55,15.55,108.6,3.6,http://insider.espn.go.com/nba/players/hollinger?playerId=1765,Matt Barnes
,"Danny Green, SA",66,23.1,.579,12.8,9.9,16.0,4.2,12.9,8.6,15.55,15.55,107.8,3.6,http://insider.espn.go.com/nba/players/hollinger?playerId=3988,Danny Green
136,"Luis Scola, HOU",66,31.3,.526,11.0,12.1,22.6,6.8,17.3,12.0,15.50,15.50,123.4,4.1,http://insider.espn.go.com/nba/players/hollinger?playerId=1781,Luis Scola
137,"Jared Dudley, PHX",65,31.1,.575,12.5,8.0,16.1,5.4,11.4,8.4,15.48,15.48,150.1,5.0,http://insider.espn.go.com/nba/players/hollinger?playerId=3201,Jared Dudley
138,"Trevor Booker, WSH",50,25.2,.549,8.3,12.1,14.2,10.6,18.6,14.5,15.46,15.46,74.5,2.5,http://insider.espn.go.com/nba/players/hollinger?playerId=4270,Trevor Booker
139,"Chris Kaman, NO",47,29.2,.478,11.6,14.8,24.3,7.9,23.5,15.8,15.42,15.42,98.6,3.3,http://insider.espn.go.com/nba/players/hollinger?playerId=1982,Chris Kaman
140,"Rodrigue Beaubois, DAL",53,21.7,.496,21.8,10.0,20.7,1.9,12.8,7.4,15.39,15.39,78.9,2.6,http://insider.espn.go.com/nba/players/hollinger?playerId=3963,Rodrigue Beaubois
RK,PLAYER,GP,MPG,TS%,AST,TO,USG,ORR,DRR,REBR,PER,,VA,EWA,,
,"Al Harrington, DEN",64,27.5,.535,8.4,10.7,21.9,4.9,20.4,12.9,15.39,15.39,102.2,3.4,http://insider.espn.go.com/nba/players/hollinger?playerId=308,Al Harrington
142,"Delonte West, DAL",44,24.1,.539,22.9,12.5,19.4,1.4,9.2,5.4,15.35,15.35,76.7,2.6,http://insider.espn.go.com/nba/players/hollinger?playerId=2422,Delonte West
143,"Jon Leuer, MIL",46,12.1,.536,10.1,7.3,16.1,8.7,15.3,11.9,15.31,15.31,37.4,1.2,http://insider.espn.go.com/nba/players/hollinger?playerId=6452,Jon Leuer
144,"JR Smith, NY",35,27.6,.508,15.0,8.2,20.4,3.4,12.9,8.1,15.27,15.27,68.9,2.3,http://insider.espn.go.com/nba/players/hollinger?playerId=2444,JR Smith
145,"Brandon Rush, GS",65,26.4,.628,13.3,10.3,13.9,2.2,14.4,8.3,15.25,15.25,121.8,4.1,http://insider.espn.go.com/nba/players/hollinger?playerId=3457,Brandon Rush
146,"Robin Lopez, PHX",64,14.0,.526,5.1,10.9,16.8,11.5,14.8,13.2,15.23,15.23,61.9,2.1,http://insider.espn.go.com/nba/players/hollinger?playerId=3447,Robin Lopez
147,"JJ Redick, ORL",65,27.2,.575,18.5,7.7,18.1,1.2,8.8,4.9,15.14,15.14,122.3,4.1,http://insider.espn.go.com/nba/players/hollinger?playerId=3024,JJ Redick
148,"Emeka Okafor, NO",27,28.9,.539,7.8,12.0,15.4,10.8,21.4,16.2,15.13,15.13,52.7,1.8,http://insider.espn.go.com/nba/players/hollinger?playerId=2399,Emeka Okafor
149,"Dorell Wright, GS",61,27.0,.553,13.2,7.1,15.6,4.1,14.9,9.6,15.07,15.07,112.6,3.8,http://insider.espn.go.com/nba/players/hollinger?playerId=2423,Dorell Wright
,"Sundiata Gaines, NJ",57,13.9,.465,25.6,10.6,20.8,3.8,12.2,7.9,15.07,15.07,50.5,1.7,http://insider.espn.go.com/nba/players/hollinger?playerId=4224,Sundiata Gaines
Hollinger Stats - Player Efficiency Rating - All Players,,,,,,,,,,,,,,,,
RK,PLAYER,GP,MPG,TS%,AST,TO,USG,ORR,DRR,REBR,PER,,VA,EWA,,
151,"Shawn Marion, DAL",63,30.5,.488,14.4,10.7,17.3,8.6,18.6,13.6,15.05,15.05,130.3,4.3,http://insider.espn.go.com/nba/players/hollinger?playerId=510,Shawn Marion
152,"Mo Williams, LAC",52,28.3,.530,17.9,9.6,21.8,1.8,6.2,4.0,15.02,15.02,88.3,2.9,http://insider.espn.go.com/nba/players/hollinger?playerId=2178,Mo Williams
153,"Kemba Walker, CHA",66,27.2,.464,22.8,9.4,24.1,1.9,13.5,7.5,14.98,14.98,106.3,3.5,http://insider.espn.go.com/nba/players/hollinger?playerId=6479,Kemba Walker
154,"Klay Thompson, GS",66,24.4,.545,13.4,10.4,22.3,1.7,9.6,5.7,14.97,14.97,100.2,3.3,http://insider.espn.go.com/nba/players/hollinger?playerId=6475,Klay Thompson
155,"Dante Cunningham, MEM",64,17.6,.538,9.9,7.7,12.5,9.3,16.4,12.8,14.94,14.94,69.4,2.3,http://insider.espn.go.com/nba/players/hollinger?playerId=3974,Dante Cunningham
156,"Channing Frye, PHX",64,26.1,.519,11.0,7.9,17.5,4.8,20.6,12.8,14.92,14.92,107.7,3.6,http://insider.espn.go.com/nba/players/hollinger?playerId=2754,Channing Frye
,"Chase Budinger, HOU",58,22.4,.556,11.7,8.7,17.8,3.4,16.2,9.7,14.92,14.92,85.6,2.9,http://insider.espn.go.com/nba/players/hollinger?playerId=3968,Chase Budinger
,"Andrew Bogut, MIL",12,30.3,.465,15.4,11.9,19.3,6.5,24.3,15.2,14.92,14.92,23.4,0.8,http://insider.espn.go.com/nba/players/hollinger?playerId=2747,Andrew Bogut
159,"J.J. Barea, MIN",41,25.2,.502,29.1,12.9,24.3,1.5,10.8,6.1,14.91,14.91,60.2,2.0,http://insider.espn.go.com/nba/players/hollinger?playerId=3055,J.J. Barea
,"JJ Hickson, POR/SAC",54,23.0,.501,8.0,12.4,19.4,11.7,19.0,15.2,14.91,14.91,63.2,2.1,http://insider.espn.go.com/nba/players/hollinger?playerId=3437,JJ Hickson
RK,PLAYER,GP,MPG,TS%,AST,TO,USG,ORR,DRR,REBR,PER,,VA,EWA,,
161,"Derrick Byars, SA",2,18.5,.392,7.3,0.0,14.0,19.0,15.2,17.1,14.88,14.88,2.4,0.1,http://insider.espn.go.com/nba/players/hollinger?playerId=3193,Derrick Byars
162,"Andre Miller, DEN",66,27.4,.510,35.4,14.2,20.4,3.5,10.5,7.1,14.84,14.84,103.5,3.5,http://insider.espn.go.com/nba/players/hollinger?playerId=557,Andre Miller
163,"Ray Allen, BOS",46,34.0,.607,15.2,9.5,16.7,1.1,9.2,5.3,14.83,14.83,101.1,3.4,http://insider.espn.go.com/nba/players/hollinger?playerId=9,Ray Allen
164,"Arron Afflalo, DEN",62,33.6,.584,14.3,8.2,17.5,2.3,8.5,5.5,14.76,14.76,132.7,4.4,http://insider.espn.go.com/nba/players/hollinger?playerId=3187,Arron Afflalo
,"O.J. Mayo, MEM",66,26.8,.513,15.3,11.2,22.5,1.9,12.1,6.9,14.76,14.76,112.6,3.8,http://insider.espn.go.com/nba/players/hollinger?playerId=3450,O.J. Mayo
166,"Jrue Holiday, PHI",65,33.8,.496,22.1,10.3,20.8,2.9,7.9,5.4,14.74,14.74,122.5,4.1,http://insider.espn.go.com/nba/players/hollinger?playerId=3995,Jrue Holiday
167,"Derrick Brown, CHA",65,22.2,.556,11.3,9.3,15.2,7.3,11.6,9.4,14.71,14.71,84.2,2.8,http://insider.espn.go.com/nba/players/hollinger?playerId=3967,Derrick Brown
,"Tyler Hansbrough, IND",66,21.8,.511,4.3,9.3,18.8,8.9,13.7,11.3,14.71,14.71,69.0,2.3,http://insider.espn.go.com/nba/players/hollinger?playerId=3991,Tyler Hansbrough
169,"Jameer Nelson, ORL",57,29.9,.524,29.4,12.2,21.4,1.9,10.4,6.1,14.66,14.66,93.3,3.1,http://insider.espn.go.com/nba/players/hollinger?playerId=2439,Jameer Nelson
170,"Ricky Rubio, MIN",41,34.2,.476,36.3,14.2,19.5,1.6,11.9,6.7,14.64,14.64,76.2,2.5,http://insider.espn.go.com/nba/players/hollinger?playerId=4011,Ricky Rubio
RK,PLAYER,GP,MPG,TS%,AST,TO,USG,ORR,DRR,REBR,PER,,VA,EWA,,
171,"Eric Dawson, SA",4,9.8,.582,0.0,18.9,16.1,15.0,14.4,14.7,14.62,14.62,2.2,0.1,http://insider.espn.go.com/nba/players/hollinger?playerId=6555,Eric Dawson
172,"Travis Leslie, LAC",10,4.5,.390,20.0,8.0,19.6,15.7,8.0,11.9,14.61,14.61,2.6,0.1,http://insider.espn.go.com/nba/players/hollinger?playerId=6451,Travis Leslie
,"Jordan Crawford, WSH",64,27.4,.488,14.7,10.9,26.2,2.8,8.1,5.4,14.61,14.61,107.5,3.6,http://insider.espn.go.com/nba/players/hollinger?playerId=4243,Jordan Crawford
174,"James Johnson, TOR",62,25.2,.498,15.4,12.8,18.6,5.6,16.2,11.0,14.54,14.54,94.2,3.1,http://insider.espn.go.com/nba/players/hollinger?playerId=3999,James Johnson
175,"Jordan Williams, NJ",43,14.8,.544,5.1,10.7,13.2,11.7,16.9,14.3,14.53,14.53,35.3,1.2,http://insider.espn.go.com/nba/players/hollinger?playerId=6481,Jordan Williams
176,"Enes Kanter, UTAH",66,13.2,.539,2.3,15.7,15.5,13.9,22.7,18.3,14.52,14.52,48.5,1.6,http://insider.espn.go.com/nba/players/hollinger?playerId=6447,Enes Kanter
177,"Amir Johnson, TOR",64,24.3,.600,14.4,17.1,13.1,11.4,19.4,15.4,14.40,14.40,67.2,2.2,http://insider.espn.go.com/nba/players/hollinger?playerId=2769,Amir Johnson
178,"Ivan Johnson, ATL",56,16.7,.558,7.6,16.4,17.3,8.2,20.1,14.2,14.37,14.37,49.7,1.7,http://insider.espn.go.com/nba/players/hollinger?playerId=6534,Ivan Johnson
179,"Nikola Vucevic, PHI",51,15.9,.462,8.4,8.9,17.6,12.0,21.7,16.8,14.33,14.33,45.2,1.5,http://insider.espn.go.com/nba/players/hollinger?playerId=6478,Nikola Vucevic
,"Renaldo Balkman, NY",14,8.2,.570,10.5,12.5,15.2,6.0,20.3,13.1,14.33,14.33,4.8,0.2,http://insider.espn.go.com/nba/players/hollinger?playerId=2986,Renaldo Balkman
RK,PLAYER,GP,MPG,TS%,AST,TO,USG,ORR,DRR,REBR,PER,,VA,EWA,,
181,"Gary Neal, SA",56,21.5,.542,16.9,8.7,20.1,1.2,9.9,5.6,14.31,14.31,59.5,2.0,http://insider.espn.go.com/nba/players/hollinger?playerId=4300,Gary Neal
182,"Greivis Vasquez, NO",66,25.8,.513,33.2,13.7,20.4,1.6,10.3,6.0,14.27,14.27,83.3,2.8,http://insider.espn.go.com/nba/players/hollinger?playerId=4291,Greivis Vasquez
,"Solomon Alabi, TOR",14,8.7,.418,6.3,10.5,15.3,14.6,30.4,22.6,14.27,14.27,6.7,0.2,http://insider.espn.go.com/nba/players/hollinger?playerId=4268,Solomon Alabi
184,"Tobias Harris, MIL",42,11.4,.540,9.0,12.6,18.8,6.7,16.8,11.6,14.25,14.25,24.7,0.8,http://insider.espn.go.com/nba/players/hollinger?playerId=6440,Tobias Harris
,"Jonas Jerebko, DET",64,22.9,.548,7.0,10.7,16.4,7.6,17.8,12.5,14.25,14.25,75.5,2.5,http://insider.espn.go.com/nba/players/hollinger?playerId=3998,Jonas Jerebko
186,"Trevor Ariza, NO",41,32.9,.496,20.5,11.5,17.4,3.7,15.1,9.5,14.23,14.23,75.2,2.5,http://insider.espn.go.com/nba/players/hollinger?playerId=2426,Trevor Ariza
187,"Ed Davis, TOR",66,23.2,.544,11.8,13.2,12.5,10.4,23.0,16.7,14.22,14.22,62.3,2.1,http://insider.espn.go.com/nba/players/hollinger?playerId=4259,Ed Davis
188,"Brandon Bass, BOS",59,31.7,.524,6.7,7.9,17.1,6.3,16.3,11.5,14.21,14.21,75.5,2.5,http://insider.espn.go.com/nba/players/hollinger?playerId=2745,Brandon Bass
189,"D.J. Augustin, CHA",48,29.3,.493,32.1,11.5,21.4,1.9,7.2,4.4,14.17,14.17,66.6,2.2,http://insider.espn.go.com/nba/players/hollinger?playerId=3415,D.J. Augustin
190,"Luol Deng, CHI",54,39.4,.500,14.5,8.9,18.7,4.1,14.0,9.2,14.13,14.13,115.3,3.8,http://insider.espn.go.com/nba/players/hollinger?playerId=2429,Luol Deng
RK,PLAYER,GP,MPG,TS%,AST,TO,USG,ORR,DRR,REBR,PER,,VA,EWA,,
191,"Wesley Matthews, POR",66,33.8,.539,11.0,7.1,17.0,2.9,9.0,5.9,14.12,14.12,110.5,3.7,http://insider.espn.go.com/nba/players/hollinger?playerId=4032,Wesley Matthews
,"Marreese Speights, MEM",60,22.4,.491,7.3,11.2,18.7,11.3,21.4,16.2,14.12,14.12,70.7,2.4,http://insider.espn.go.com/nba/players/hollinger?playerId=3460,Marreese Speights
193,"Corey Maggette, CHA",32,27.5,.517,6.9,10.5,24.4,2.6,14.0,8.1,14.11,14.11,47.5,1.6,http://insider.espn.go.com/nba/players/hollinger?playerId=497,Corey Maggette
194,"Ish Smith, GS/ORL",26,9.0,.422,29.4,9.3,21.9,3.4,13.9,8.6,14.10,14.10,10.8,0.4,http://insider.espn.go.com/nba/players/hollinger?playerId=4305,Ish Smith
195,"Leandro Barbosa, IND/TOR",64,21.6,.512,10.9,10.7,21.6,2.8,7.9,5.4,14.07,14.07,73.5,2.5,http://insider.espn.go.com/nba/players/hollinger?playerId=2166,Leandro Barbosa
196,"Gerald Henderson, CHA",55,33.3,.511,12.1,9.6,20.9,3.9,10.5,7.0,14.05,14.05,88.7,3.0,http://insider.espn.go.com/nba/players/hollinger?playerId=3993,Gerald Henderson
197,"Zaza Pachulia, ATL",58,28.3,.557,13.9,14.2,12.8,11.1,21.5,16.4,14.04,14.04,84.2,2.8,http://insider.espn.go.com/nba/players/hollinger?playerId=2016,Zaza Pachulia
198,"Alec Burks, UTAH",59,15.9,.506,10.5,9.7,20.8,6.9,9.3,8.1,14.01,14.01,45.0,1.5,http://insider.espn.go.com/nba/players/hollinger?playerId=6429,Alec Burks
199,"Jordan Hamilton, DEN",26,9.9,.508,13.4,10.7,20.4,5.1,22.4,14.0,14.00,14.00,12.3,0.4,http://insider.espn.go.com/nba/players/hollinger?playerId=6436,Jordan Hamilton
,"Michael Redd, PHX",51,15.1,.511,6.9,7.7,23.4,2.1,9.1,5.6,14.00,14.00,40.2,1.3,http://insider.espn.go.com/nba/players/hollinger?playerId=692,Michael Redd
Hollinger Stats - Player Efficiency Rating - All Players,,,,,,,,,,,,,,,,
RK,PLAYER,GP,MPG,TS%,AST,TO,USG,ORR,DRR,REBR,PER,,VA,EWA,,
201,"Lester Hudson, CLE/MEM",16,20.9,.483,14.5,12.9,26.6,2.3,13.8,7.8,13.95,13.95,15.7,0.5,http://insider.espn.go.com/nba/players/hollinger?playerId=3996,Lester Hudson
202,"Luc Mbah a Moute, MIL",43,23.5,.544,7.7,10.4,13.7,8.2,16.9,12.4,13.94,13.94,51.8,1.7,http://insider.espn.go.com/nba/players/hollinger?playerId=3451,Luc Mbah a Moute
203,"Willie Green, ATL",53,17.4,.578,9.5,7.8,17.4,1.9,8.2,5.1,13.93,13.93,47.2,1.6,http://insider.espn.go.com/nba/players/hollinger?playerId=2004,Willie Green
204,"Mike James, CHI",11,10.9,.505,30.4,14.7,25.9,1.9,7.3,4.6,13.81,13.81,5.0,0.2,http://insider.espn.go.com/nba/players/hollinger?playerId=1051,Mike James
205,"Corey Brewer, DEN",59,21.8,.505,13.2,8.4,18.3,4.0,9.4,6.8,13.78,13.78,63.0,2.1,http://insider.espn.go.com/nba/players/hollinger?playerId=3191,Corey Brewer
206,"Josh Harrellson, NY",37,14.6,.505,5.7,10.4,13.4,10.0,21.0,15.4,13.74,13.74,23.7,0.8,http://insider.espn.go.com/nba/players/hollinger?playerId=6439,Josh Harrellson
207,"Jannero Pargo, ATL",50,13.4,.539,23.6,12.0,20.7,1.6,11.1,6.4,13.69,13.69,27.0,0.9,http://insider.espn.go.com/nba/players/hollinger?playerId=1821,Jannero Pargo
,"Tracy McGrady, ATL",52,16.1,.510,25.6,12.3,17.3,3.3,18.2,10.8,13.69,13.69,39.8,1.3,http://insider.espn.go.com/nba/players/hollinger?playerId=532,Tracy McGrady
209,"Shannon Brown, PHX",59,23.7,.507,8.9,8.3,20.5,3.1,9.5,6.3,13.68,13.68,66.4,2.2,http://insider.espn.go.com/nba/players/hollinger?playerId=2992,Shannon Brown
210,"Craig Smith, POR",47,9.9,.556,10.4,13.1,14.7,8.1,19.8,13.8,13.67,13.67,15.0,0.5,http://insider.espn.go.com/nba/players/hollinger?playerId=3031,Craig Smith
RK,PLAYER,GP,MPG,TS%,AST,TO,USG,ORR,DRR,REBR,PER,,VA,EWA,,
211,"Darren Collison, IND",60,31.3,.526,29.0,11.5,17.1,1.8,9.3,5.6,13.62,13.62,73.5,2.4,http://insider.espn.go.com/nba/players/hollinger?playerId=3973,Darren Collison
,"Greg Stiemsma, BOS",55,13.9,.579,14.0,16.5,9.6,7.7,19.0,13.6,13.62,13.62,34.5,1.1,http://insider.espn.go.com/nba/players/hollinger?playerId=4235,Greg Stiemsma
213,"Vince Carter, DAL",61,25.3,.519,17.0,10.3,18.8,2.3,12.5,7.5,13.61,13.61,71.7,2.4,http://insider.espn.go.com/nba/players/hollinger?playerId=136,Vince Carter
,"Luke Ridnour, MIN",53,33.0,.530,26.5,10.1,17.5,1.2,7.8,4.5,13.61,13.61,68.0,2.3,http://insider.espn.go.com/nba/players/hollinger?playerId=1985,Luke Ridnour
215,"Kyle Korver, CHI",65,22.6,.600,18.5,8.7,14.8,2.0,9.9,6.0,13.59,13.59,67.8,2.3,http://insider.espn.go.com/nba/players/hollinger?playerId=2011,Kyle Korver
216,"Randy Foye, LAC",65,25.9,.522,16.2,8.1,19.5,1.7,8.1,4.9,13.56,13.56,69.3,2.3,http://insider.espn.go.com/nba/players/hollinger?playerId=3003,Randy Foye
217,"Brian Scalabrine, CHI",28,4.4,.490,26.5,15.9,15.6,7.5,11.7,9.6,13.54,13.54,3.7,0.1,http://insider.espn.go.com/nba/players/hollinger?playerId=1021,Brian Scalabrine
218,"Ben Gordon, DET",52,26.9,.549,15.3,13.8,21.9,1.2,9.5,5.2,13.52,13.52,63.1,2.1,http://insider.espn.go.com/nba/players/hollinger?playerId=2381,Ben Gordon
219,"Ian Mahinmi, DAL",61,18.7,.585,3.3,13.7,12.5,10.7,17.7,14.2,13.50,13.50,49.3,1.6,http://insider.espn.go.com/nba/players/hollinger?playerId=2774,Ian Mahinmi
220,"Raymond Felton, POR",60,31.8,.491,31.0,13.5,20.9,1.6,7.6,4.6,13.46,13.46,70.1,2.3,http://insider.espn.go.com/nba/players/hollinger?playerId=2753,Raymond Felton
RK,PLAYER,GP,MPG,TS%,AST,TO,USG,ORR,DRR,REBR,PER,,VA,EWA,,
221,"Omer Asik, CHI",66,14.7,.509,10.6,22.6,11.8,14.9,25.1,20.1,13.44,13.44,41.1,1.4,http://insider.espn.go.com/nba/players/hollinger?playerId=3414,Omer Asik
222,"Jeff Ayres, IND",20,5.3,.435,8.9,4.4,16.1,12.8,22.1,17.5,13.43,13.43,4.2,0.1,http://insider.espn.go.com/nba/players/hollinger?playerId=4008,Jeff Ayres
223,"Jason Richardson, ORL",54,29.5,.502,13.5,7.6,18.7,2.6,11.6,7.0,13.38,13.38,68.5,2.3,http://insider.espn.go.com/nba/players/hollinger?playerId=1018,Jason Richardson
224,"Tristan Thompson, CLE",60,23.7,.469,4.3,12.8,17.3,14.4,16.8,15.5,13.37,13.37,54.5,1.8,http://insider.espn.go.com/nba/players/hollinger?playerId=6474,Tristan Thompson
225,"Larry Sanders, MIL",52,12.4,.463,11.9,15.5,15.4,10.3,17.3,13.7,13.34,13.34,26.3,0.9,http://insider.espn.go.com/nba/players/hollinger?playerId=4265,Larry Sanders
226,"Chandler Parsons, HOU",63,28.6,.513,16.8,10.1,15.6,5.7,13.6,9.6,13.33,13.33,68.1,2.3,http://insider.espn.go.com/nba/players/hollinger?playerId=6466,Chandler Parsons
,"Gary Forbes, TOR",48,14.9,.513,12.9,12.9,22.0,4.5,12.2,8.4,13.33,13.33,26.9,0.9,http://insider.espn.go.com/nba/players/hollinger?playerId=4312,Gary Forbes
228,"Rudy Fernandez, DEN",31,22.9,.549,20.9,11.1,16.9,1.5,8.9,5.3,13.32,13.32,29.9,1.0,http://insider.espn.go.com/nba/players/hollinger?playerId=3204,Rudy Fernandez
229,"C.J. Watson, CHI",49,23.7,.491,25.6,12.4,22.8,2.1,7.9,5.1,13.31,13.31,40.0,1.3,http://insider.espn.go.com/nba/players/hollinger?playerId=3277,C.J. Watson
230,"Andre Emmett, NJ",6,7.5,.618,7.4,14.8,11.6,5.0,10.6,7.7,13.28,13.28,1.9,0.1,http://insider.espn.go.com/nba/players/hollinger?playerId=2431,Andre Emmett
RK,PLAYER,GP,MPG,TS%,AST,TO,USG,ORR,DRR,REBR,PER,,VA,EWA,,
,"Glen Davis, ORL",61,23.4,.466,6.4,10.3,20.1,8.5,18.4,13.4,13.28,13.28,37.9,1.3,http://insider.espn.go.com/nba/players/hollinger?playerId=3200,Glen Davis
,"Timofey Mozgov, DEN",44,15.6,.556,7.6,18.3,15.6,9.3,20.8,15.2,13.28,13.28,27.5,0.9,http://insider.espn.go.com/nba/players/hollinger?playerId=4298,Timofey Mozgov
233,"Richard Hamilton, CHI",28,24.9,.500,18.3,10.7,23.6,3.3,7.2,5.3,13.27,13.27,28.8,1.0,http://insider.espn.go.com/nba/players/hollinger?playerId=294,Richard Hamilton
234,"Alonzo Gee, CLE",63,29.0,.516,13.0,13.1,17.4,6.1,14.3,10.0,13.23,13.23,74.3,2.5,http://insider.espn.go.com/nba/players/hollinger?playerId=4232,Alonzo Gee
235,"Sebastian Telfair, PHX",60,14.9,.495,23.9,11.8,21.4,2.5,8.9,5.7,13.21,13.21,29.5,1.0,http://insider.espn.go.com/nba/players/hollinger?playerId=2417,Sebastian Telfair
236,"Matt Bonner, SA",65,20.4,.597,14.0,3.2,11.7,2.6,15.7,9.3,13.20,13.20,33.6,1.1,http://insider.espn.go.com/nba/players/hollinger?playerId=1996,Matt Bonner
237,"Terrence Williams, HOU/SAC",30,18.3,.488,19.9,13.2,16.6,2.6,18.7,10.4,13.17,13.17,21.9,0.7,http://insider.espn.go.com/nba/players/hollinger?playerId=4019,Terrence Williams
238,"Beno Udrih, MIL",59,18.3,.488,34.4,11.7,18.3,2.6,8.0,5.2,13.16,13.16,34.8,1.2,http://insider.espn.go.com/nba/players/hollinger?playerId=2448,Beno Udrih
239,"Anthony Morrow, NJ",62,26.4,.531,7.3,8.4,19.6,2.1,7.0,4.5,13.12,13.12,63.9,2.1,http://insider.espn.go.com/nba/players/hollinger?playerId=3474,Anthony Morrow
,"Hakim Warrick, PHX",35,14.4,.503,10.4,12.4,21.2,7.0,13.5,10.3,13.12,13.12,12.1,0.4,http://insider.espn.go.com/nba/players/hollinger?playerId=2794,Hakim Warrick
RK,PLAYER,GP,MPG,TS%,AST,TO,USG,ORR,DRR,REBR,PER,,VA,EWA,,
241,"Michael Beasley, MIN",47,23.1,.502,6.8,12.1,22.8,4.0,17.2,10.6,13.11,13.11,42.4,1.4,http://insider.espn.go.com/nba/players/hollinger?playerId=3418,Michael Beasley
,"Jason Kidd, DAL",48,28.7,.524,41.2,14.2,13.5,1.2,14.8,8.1,13.11,13.11,43.4,1.4,http://insider.espn.go.com/nba/players/hollinger?playerId=429,Jason Kidd
243,"Byron Mullens, CHA",65,22.5,.473,7.4,9.6,20.1,7.3,18.8,12.8,13.02,13.02,52.9,1.8,http://insider.espn.go.com/nba/players/hollinger?playerId=4005,Byron Mullens
244,"MarShon Brooks, NJ",56,29.4,.502,13.7,12.4,21.3,4.8,9.4,7.0,13.00,13.00,54.0,1.8,http://insider.espn.go.com/nba/players/hollinger?playerId=6428,MarShon Brooks
245,"Julyan Stone, DEN",22,8.1,.502,44.1,13.1,12.8,3.4,12.6,8.1,12.99,12.99,5.9,0.2,http://insider.espn.go.com/nba/players/hollinger?playerId=6543,Julyan Stone
246,"Derrick Williams, MIN",66,21.5,.499,5.4,11.0,18.6,6.0,18.4,12.2,12.98,12.98,46.2,1.5,http://insider.espn.go.com/nba/players/hollinger?playerId=6480,Derrick Williams
,"Mario Chalmers, MIA",64,28.5,.578,24.5,15.7,16.6,1.1,9.8,5.6,12.98,12.98,54.0,1.8,http://insider.espn.go.com/nba/players/hollinger?playerId=3419,Mario Chalmers
248,"Brendan Haywood, DAL",54,21.2,.520,5.7,13.7,11.3,13.7,18.0,15.9,12.95,12.95,40.2,1.3,http://insider.espn.go.com/nba/players/hollinger?playerId=1000,Brendan Haywood
249,"Nick Young, LAC/WSH",62,27.9,.512,5.6,8.3,18.7,2.0,6.8,4.4,12.93,12.93,62.8,2.1,http://insider.espn.go.com/nba/players/hollinger?playerId=3243,Nick Young
,"Armon Johnson, NJ/POR",9,13.8,.515,17.6,9.6,18.1,0.9,11.6,6.1,12.93,12.93,3.9,0.1,http://insider.espn.go.com/nba/players/hollinger?playerId=4279,Armon Johnson
Hollinger Stats - Player Efficiency Rating - All Players,,,,,,,,,,,,,,,,
RK,PLAYER,GP,MPG,TS%,AST,TO,USG,ORR,DRR,REBR,PER,,VA,EWA,,
251,"Tayshaun Prince, DET",63,33.1,.470,14.2,6.9,19.1,4.0,12.4,8.0,12.89,12.89,74.4,2.5,http://insider.espn.go.com/nba/players/hollinger?playerId=1724,Tayshaun Prince
252,"DeMar DeRozan, TOR",63,35.0,.503,9.8,9.5,22.5,2.1,9.0,5.6,12.87,12.87,78.1,2.6,http://insider.espn.go.com/nba/players/hollinger?playerId=3978,DeMar DeRozan
253,"Cartier Martin, WSH",17,23.0,.555,6.0,7.9,16.0,3.4,13.4,8.4,12.85,12.85,13.7,0.5,http://insider.espn.go.com/nba/players/hollinger?playerId=3930,Cartier Martin
254,"Lavoy Allen, PHI",41,15.2,.488,15.0,8.8,13.4,8.3,22.2,15.2,12.78,12.78,11.9,0.4,http://insider.espn.go.com/nba/players/hollinger?playerId=6424,Lavoy Allen
255,"Daniel Orton, ORL",16,11.7,.549,9.4,13.2,10.9,11.6,12.5,12.0,12.71,12.71,3.4,0.1,http://insider.espn.go.com/nba/players/hollinger?playerId=4263,Daniel Orton
256,"Evan Turner, PHI",65,26.4,.478,19.5,11.4,19.1,1.7,22.8,12.2,12.69,12.69,56.1,1.9,http://insider.espn.go.com/nba/players/hollinger?playerId=4239,Evan Turner
257,"Courtney Lee, HOU",58,30.3,.534,11.4,8.3,16.1,1.7,8.9,5.2,12.61,12.61,55.4,1.8,http://insider.espn.go.com/nba/players/hollinger?playerId=3445,Courtney Lee
258,"Ekpe Udoh, GS/MIL",61,21.1,.493,12.5,11.6,12.4,8.6,13.5,11.1,12.49,12.49,19.0,0.6,http://insider.espn.go.com/nba/players/hollinger?playerId=4261,Ekpe Udoh
259,"Jimmy Butler, CHI",42,8.5,.526,10.6,10.6,13.9,7.3,10.1,8.7,12.48,12.48,9.0,0.3,http://insider.espn.go.com/nba/players/hollinger?playerId=6430,Jimmy Butler
260,"C.J. Miles, UTAH",56,20.4,.484,10.7,8.2,21.0,2.7,9.0,5.8,12.46,12.46,33.5,1.1,http://insider.espn.go.com/nba/players/hollinger?playerId=2778,C.J. Miles
RK,PLAYER,GP,MPG,TS%,AST,TO,USG,ORR,DRR,REBR,PER,,VA,EWA,,
,"D.J. White, CHA",58,18.9,.516,10.0,9.2,16.0,5.0,17.2,10.9,12.46,12.46,15.7,0.5,http://insider.espn.go.com/nba/players/hollinger?playerId=3469,D.J. White
,"Chris Wilcox, BOS",28,17.2,.612,7.2,18.1,13.3,9.8,19.7,14.9,12.46,12.46,6.9,0.2,http://insider.espn.go.com/nba/players/hollinger?playerId=1731,Chris Wilcox
263,"Linas Kleiza, TOR",49,21.6,.521,8.2,11.3,20.7,4.7,17.2,11.0,12.45,12.45,30.8,1.0,http://insider.espn.go.com/nba/players/hollinger?playerId=2770,Linas Kleiza
264,"Reggie Williams, CHA",33,22.6,.503,16.4,9.0,17.5,4.0,10.5,7.1,12.43,12.43,21.6,0.7,http://insider.espn.go.com/nba/players/hollinger?playerId=4229,Reggie Williams
265,"Hasheem Thabeet, HOU/POR",20,7.0,.587,0.0,21.2,5.2,13.2,22.2,17.6,12.42,12.42,3.8,0.1,http://insider.espn.go.com/nba/players/hollinger?playerId=4016,Hasheem Thabeet
,"Charles Jenkins, GS",51,17.5,.482,31.6,11.1,18.8,1.0,7.6,4.3,12.42,12.42,21.6,0.7,http://insider.espn.go.com/nba/players/hollinger?playerId=6444,Charles Jenkins
267,"Grant Hill, PHX",49,28.1,.500,15.9,9.7,17.2,2.4,11.5,7.0,12.34,12.34,37.8,1.3,http://insider.espn.go.com/nba/players/hollinger?playerId=336,Grant Hill
268,"Greg Smith, HOU",8,8.6,.636,7.7,7.7,7.1,8.3,25.5,16.8,12.30,12.30,1.7,0.1,http://insider.espn.go.com/nba/players/hollinger?playerId=6530,Greg Smith
,"Ronnie Brewer, CHI",66,24.8,.465,20.0,8.6,14.8,5.0,10.6,7.9,12.30,12.30,43.8,1.5,http://insider.espn.go.com/nba/players/hollinger?playerId=2991,Ronnie Brewer
270,"Ronny Turiaf, MIA/WSH",17,16.4,.597,15.0,21.0,8.9,8.7,20.6,14.8,12.27,12.27,6.9,0.2,http://insider.espn.go.com/nba/players/hollinger?playerId=2789,Ronny Turiaf
RK,PLAYER,GP,MPG,TS%,AST,TO,USG,ORR,DRR,REBR,PER,,VA,EWA,,
271,"Roger Mason Jr., WSH",52,13.4,.530,13.5,9.2,18.0,1.1,10.1,5.6,12.18,12.18,17.5,0.6,http://insider.espn.go.com/nba/players/hollinger?playerId=1721,Roger Mason Jr.
,"Markieff Morris, PHX",63,19.5,.484,10.5,11.3,18.5,6.4,19.1,12.8,12.18,12.18,25.2,0.8,http://insider.espn.go.com/nba/players/hollinger?playerId=6461,Markieff Morris
273,"Nick Collison, OKC",63,20.7,.622,22.1,16.4,9.5,11.1,12.7,12.0,12.11,12.11,11.8,0.4,http://insider.espn.go.com/nba/players/hollinger?playerId=1978,Nick Collison
274,"Trey Thompkins, LAC",24,5.0,.445,4.1,8.2,24.4,4.0,20.2,12.0,12.10,12.10,2.3,0.1,http://insider.espn.go.com/nba/players/hollinger?playerId=6473,Trey Thompkins
275,"Landry Fields, NY",66,28.7,.506,20.0,12.1,15.1,3.6,13.5,8.5,12.07,12.07,36.0,1.2,http://insider.espn.go.com/nba/players/hollinger?playerId=4274,Landry Fields
276,"Marco Belinelli, NO",66,29.8,.525,11.1,7.6,17.8,1.2,9.1,5.2,12.00,12.00,44.1,1.5,http://insider.espn.go.com/nba/players/hollinger?playerId=3190,Marco Belinelli
277,"Shelden Williams, NJ",58,22.0,.543,10.1,19.0,10.3,12.5,19.6,15.9,11.94,11.94,8.3,0.3,http://insider.espn.go.com/nba/players/hollinger?playerId=3040,Shelden Williams
278,"Shelvin Mack, WSH",64,12.2,.468,30.8,11.3,17.1,1.7,11.7,6.7,11.92,11.92,13.0,0.4,http://insider.espn.go.com/nba/players/hollinger?playerId=6454,Shelvin Mack
279,"Dominique Jones, DAL",33,8.1,.493,26.4,17.6,19.6,3.8,14.6,9.2,11.87,11.87,5.5,0.2,http://insider.espn.go.com/nba/players/hollinger?playerId=4246,Dominique Jones
280,"Donte Greene, SAC",53,14.7,.491,9.5,9.0,16.5,2.6,16.9,9.4,11.85,11.85,15.7,0.5,http://insider.espn.go.com/nba/players/hollinger?playerId=3432,Donte Greene
RK,PLAYER,GP,MPG,TS%,AST,TO,USG,ORR,DRR,REBR,PER,,VA,EWA,,
281,"Dominic McGuire, GS",64,17.6,.486,27.5,14.0,11.5,7.4,17.4,12.4,11.82,11.82,22.2,0.7,http://insider.espn.go.com/nba/players/hollinger?playerId=3246,Dominic McGuire
282,"Trey Johnson, NO",11,5.5,.648,15.9,19.8,15.3,6.0,17.3,11.7,11.80,11.80,1.2,0.0,http://insider.espn.go.com/nba/players/hollinger?playerId=3256,Trey Johnson
283,"Brandon Knight, DET",66,32.3,.511,20.1,13.7,20.8,1.8,10.3,5.9,11.79,11.79,24.9,0.8,http://insider.espn.go.com/nba/players/hollinger?playerId=6448,Brandon Knight
284,"Hedo Turkoglu, ORL",53,31.2,.528,25.3,15.4,19.1,1.7,12.4,7.0,11.78,11.78,31.6,1.1,http://insider.espn.go.com/nba/players/hollinger?playerId=862,Hedo Turkoglu
,"Jason Maxiell, DET",65,22.6,.493,7.6,13.1,14.3,9.9,17.4,13.6,11.78,11.78,12.6,0.4,http://insider.espn.go.com/nba/players/hollinger?playerId=2775,Jason Maxiell
286,"Caron Butler, LAC",63,29.7,.501,8.6,8.5,18.7,2.8,12.0,7.3,11.77,11.77,35.4,1.2,http://insider.espn.go.com/nba/players/hollinger?playerId=1705,Caron Butler
287,"Manny Harris, CLE",26,17.5,.492,13.3,11.5,18.7,2.6,15.3,8.7,11.72,11.72,6.3,0.2,http://insider.espn.go.com/nba/players/hollinger?playerId=4360,Manny Harris
,"Vladimir Radmanovic, ATL",49,15.4,.524,18.1,11.7,14.1,5.3,16.8,11.1,11.72,11.72,2.4,0.1,http://insider.espn.go.com/nba/players/hollinger?playerId=1016,Vladimir Radmanovic
,"Carlos Delfino, MIL",54,28.5,.515,18.5,10.0,14.7,1.4,13.9,7.5,11.72,11.72,27.9,0.9,http://insider.espn.go.com/nba/players/hollinger?playerId=1999,Carlos Delfino
290,"Patrick Patterson, HOU",64,23.2,.457,8.3,7.7,16.2,8.7,13.7,11.2,11.58,11.58,1.8,0.1,http://insider.espn.go.com/nba/players/hollinger?playerId=4264,Patrick Patterson
RK,PLAYER,GP,MPG,TS%,AST,TO,USG,ORR,DRR,REBR,PER,,VA,EWA,,
,"Jerry Stackhouse, ATL",30,9.1,.490,10.2,9.5,19.0,2.6,7.2,4.9,11.58,11.58,4.4,0.1,http://insider.espn.go.com/nba/players/hollinger?playerId=802,Jerry Stackhouse
292,"Jan Vesely, WSH",57,18.9,.544,13.3,17.0,11.7,10.5,15.6,13.0,11.56,11.56,12.2,0.4,http://insider.espn.go.com/nba/players/hollinger?playerId=4165,Jan Vesely
293,"Lou Amundson, IND",60,12.6,.438,4.6,14.9,15.6,14.1,19.0,16.6,11.54,11.54,10.5,0.4,http://insider.espn.go.com/nba/players/hollinger?playerId=3041,Lou Amundson
,"A.J. Price, IND",44,12.9,.454,28.0,10.4,17.7,2.6,9.4,6.0,11.54,11.54,6.2,0.2,http://insider.espn.go.com/nba/players/hollinger?playerId=4010,A.J. Price
295,"Von Wafer, ORL",33,14.2,.537,11.8,14.3,19.8,1.5,9.7,5.5,11.50,11.50,7.0,0.2,http://insider.espn.go.com/nba/players/hollinger?playerId=2793,Von Wafer
,"Jodie Meeks, PHI",66,24.9,.551,9.2,4.9,13.7,1.1,9.8,5.4,11.50,11.50,17.2,0.6,http://insider.espn.go.com/nba/players/hollinger?playerId=4003,Jodie Meeks
297,"JaJuan Johnson, BOS",36,8.3,.456,4.1,9.7,19.1,8.3,14.4,11.5,11.44,11.44,2.8,0.1,http://insider.espn.go.com/nba/players/hollinger?playerId=6445,JaJuan Johnson
298,"Mike Miller, MIA",39,19.3,.561,14.8,10.6,13.6,3.6,16.2,10.2,11.40,11.40,10.1,0.3,http://insider.espn.go.com/nba/players/hollinger?playerId=558,Mike Miller
299,"Luke Babbitt, POR",40,13.4,.556,7.1,12.0,16.0,3.4,17.5,10.3,11.32,11.32,6.5,0.2,http://insider.espn.go.com/nba/players/hollinger?playerId=4250,Luke Babbitt
300,"Avery Bradley, BOS",64,21.4,.555,14.5,12.5,16.0,3.1,6.7,5.0,11.31,11.31,16.5,0.6,http://insider.espn.go.com/nba/players/hollinger?playerId=4240,Avery Bradley
Hollinger Stats - Player Efficiency Rating - All Players,,,,,,,,,,,,,,,,
RK,PLAYER,GP,MPG,TS%,AST,TO,USG,ORR,DRR,REBR,PER,,VA,EWA,,
301,"Josh Davis, MEM",15,8.7,.459,15.2,7.6,11.0,14.1,10.1,12.1,11.30,11.30,-0.4,-0.0,http://insider.espn.go.com/nba/players/hollinger?playerId=2212,Josh Davis
302,"Jerome Dyson, NO",9,20.0,.525,17.7,19.6,20.6,1.3,11.1,6.3,11.29,11.29,1.3,0.0,http://insider.espn.go.com/nba/players/hollinger?playerId=4320,Jerome Dyson
303,"Jeff Adrien, HOU",8,7.9,.493,4.1,8.2,14.9,9.1,31.6,20.2,11.27,11.27,0.4,0.0,http://insider.espn.go.com/nba/players/hollinger?playerId=4335,Jeff Adrien
304,"Omri Casspi, CLE",65,20.6,.499,11.2,10.9,16.2,5.1,14.5,9.7,11.26,11.26,15.3,0.5,http://insider.espn.go.com/nba/players/hollinger?playerId=3554,Omri Casspi
305,"Eric Bledsoe, LAC",40,11.6,.454,25.5,18.2,18.9,5.6,11.1,8.3,11.24,11.24,1.6,0.1,http://insider.espn.go.com/nba/players/hollinger?playerId=4238,Eric Bledsoe
306,"Jonny Flynn, HOU/POR",29,14.3,.442,34.3,12.9,19.3,2.2,8.8,5.5,11.20,11.20,1.3,0.0,http://insider.espn.go.com/nba/players/hollinger?playerId=3985,Jonny Flynn
,"Boris Diaw, SA/CHA",57,25.0,.498,30.0,16.4,11.2,5.5,17.3,11.3,11.20,11.20,-6.5,-0.2,http://insider.espn.go.com/nba/players/hollinger?playerId=2167,Boris Diaw
308,"Josh Childress, PHX",34,14.4,.501,23.8,6.3,9.7,7.2,14.6,10.9,11.16,11.16,4.8,0.2,http://insider.espn.go.com/nba/players/hollinger?playerId=2373,Josh Childress
309,"Richard Jefferson, GS/SA",63,27.7,.550,13.3,7.5,14.6,1.7,12.4,7.2,11.15,11.15,17.0,0.6,http://insider.espn.go.com/nba/players/hollinger?playerId=1006,Richard Jefferson
310,"Samardo Samuels, CLE",54,15.3,.517,5.6,15.6,16.7,8.4,16.8,12.4,11.13,11.13,-4.6,-0.2,http://insider.espn.go.com/nba/players/hollinger?playerId=4304,Samardo Samuels
RK,PLAYER,GP,MPG,TS%,AST,TO,USG,ORR,DRR,REBR,PER,,VA,EWA,,
311,"Jeff Foster, IND",11,12.8,.569,12.1,21.2,8.6,14.5,19.0,16.7,11.09,11.09,1.0,0.0,http://insider.espn.go.com/nba/players/hollinger?playerId=250,Jeff Foster
,"Aaron Gray, TOR",49,16.6,.526,10.4,19.6,12.2,12.1,28.3,20.3,11.09,11.09,6.0,0.2,http://insider.espn.go.com/nba/players/hollinger?playerId=3207,Aaron Gray
,"DeMarre Carroll, DEN/UTAH",24,14.5,.478,12.8,7.8,16.6,9.2,8.3,8.8,11.09,11.09,1.5,0.1,http://insider.espn.go.com/nba/players/hollinger?playerId=3970,DeMarre Carroll
,"Kwame Brown, GS",9,20.8,.519,5.5,19.2,14.9,9.7,24.8,17.3,11.09,11.09,1.4,0.0,http://insider.espn.go.com/nba/players/hollinger?playerId=981,Kwame Brown
315,"Shaun Livingston, MIL",58,18.8,.520,24.7,13.4,14.7,3.8,8.7,6.2,11.06,11.06,0.9,0.0,http://insider.espn.go.com/nba/players/hollinger?playerId=2393,Shaun Livingston
316,"Metta World Peace, LAL",64,26.9,.478,19.3,9.5,14.8,4.8,9.1,7.1,11.03,11.03,13.5,0.5,http://insider.espn.go.com/nba/players/hollinger?playerId=25,Metta World Peace
317,"Nazr Mohammed, OKC",63,11.0,.477,6.4,11.9,11.9,10.4,17.1,14.0,11.02,11.02,4.3,0.1,http://insider.espn.go.com/nba/players/hollinger?playerId=568,Nazr Mohammed
318,"T.J. Ford, SA",14,13.6,.519,38.4,19.6,18.0,1.8,8.8,5.4,11.00,11.00,0.0,0.0,http://insider.espn.go.com/nba/players/hollinger?playerId=1979,T.J. Ford
319,"Jared Jeffries, NY",39,18.7,.484,11.3,12.6,11.5,10.8,13.3,12.0,10.96,10.96,-5.9,-0.2,http://insider.espn.go.com/nba/players/hollinger?playerId=1717,Jared Jeffries
320,"Anthony Parker, CLE",51,25.1,.523,23.0,9.6,13.7,0.9,11.8,6.1,10.94,10.94,8.4,0.3,http://insider.espn.go.com/nba/players/hollinger?playerId=635,Anthony Parker
RK,PLAYER,GP,MPG,TS%,AST,TO,USG,ORR,DRR,REBR,PER,,VA,EWA,,
321,"Ben Uzoh, CLE/TOR",18,20.6,.377,32.6,10.1,17.4,6.1,15.1,10.6,10.92,10.92,0.6,0.0,http://insider.espn.go.com/nba/players/hollinger?playerId=4296,Ben Uzoh
322,"Jamaal Tinsley, UTAH",37,13.7,.461,38.0,16.1,19.0,1.3,8.9,5.1,10.90,10.90,-0.7,-0.0,http://insider.espn.go.com/nba/players/hollinger?playerId=1024,Jamaal Tinsley
323,"Udonis Haslem, MIA",64,24.8,.479,8.3,11.9,12.0,9.1,25.6,17.7,10.89,10.89,-14.4,-0.5,http://insider.espn.go.com/nba/players/hollinger?playerId=2184,Udonis Haslem
,"Josh McRoberts, LAL",50,14.4,.516,23.6,14.4,10.2,9.9,16.4,13.3,10.89,10.89,-6.5,-0.2,http://insider.espn.go.com/nba/players/hollinger?playerId=3220,Josh McRoberts
325,"Jimmer Fredette, SAC",61,18.6,.495,16.8,10.4,19.4,1.6,5.7,3.5,10.84,10.84,-2.8,-0.1,http://insider.espn.go.com/nba/players/hollinger?playerId=6434,Jimmer Fredette
326,"Iman Shumpert, NY",59,28.9,.484,19.1,13.0,17.2,2.8,9.9,6.3,10.83,10.83,0.8,0.0,http://insider.espn.go.com/nba/players/hollinger?playerId=6468,Iman Shumpert
,"Chris Johnson, NO/POR",27,6.5,.557,3.0,22.6,14.8,10.1,16.9,13.5,10.83,10.83,0.6,0.0,http://insider.espn.go.com/nba/players/hollinger?playerId=4400,Chris Johnson
328,"Darryl Watkins, NO",5,19.6,.525,9.1,24.3,13.1,9.9,22.7,16.4,10.82,10.82,0.3,0.0,http://insider.espn.go.com/nba/players/hollinger?playerId=3290,Darryl Watkins
329,"Francisco Garcia, SAC",49,16.3,.483,10.5,7.5,13.3,1.4,12.7,6.8,10.74,10.74,2.9,0.1,http://insider.espn.go.com/nba/players/hollinger?playerId=2755,Francisco Garcia
,"Ben Wallace, DET",62,15.8,.398,23.4,18.5,6.5,9.6,23.7,16.4,10.74,10.74,2.0,0.1,http://insider.espn.go.com/nba/players/hollinger?playerId=885,Ben Wallace
RK,PLAYER,GP,MPG,TS%,AST,TO,USG,ORR,DRR,REBR,PER,,VA,EWA,,
331,"Stephen Jackson, MIL/SA",47,25.8,.485,17.0,14.8,21.3,2.0,13.2,7.5,10.71,10.71,3.9,0.1,http://insider.espn.go.com/nba/players/hollinger?playerId=378,Stephen Jackson
,"Brad Miller, MIN",15,9.7,.542,35.1,17.6,14.0,3.0,11.5,7.2,10.71,10.71,0.2,0.0,http://insider.espn.go.com/nba/players/hollinger?playerId=556,Brad Miller
333,"Al-Farouq Aminu, NO",66,22.4,.481,11.5,15.9,14.8,7.8,16.9,12.4,10.68,10.68,3.9,0.1,http://insider.espn.go.com/nba/players/hollinger?playerId=4248,Al-Farouq Aminu
334,"Bismack Biyombo, CHA",63,23.1,.480,6.2,16.2,11.6,8.6,20.8,14.5,10.66,10.66,1.3,0.0,http://insider.espn.go.com/nba/players/hollinger?playerId=6427,Bismack Biyombo
335,"Andray Blatche, WSH",26,24.1,.415,8.4,11.2,19.7,7.5,19.6,13.5,10.63,10.63,-8.1,-0.3,http://insider.espn.go.com/nba/players/hollinger?playerId=2746,Andray Blatche
336,"Josh Howard, UTAH",43,23.0,.461,9.9,10.5,19.1,4.5,14.0,9.2,10.55,10.55,0.7,0.0,http://insider.espn.go.com/nba/players/hollinger?playerId=2006,Josh Howard
337,"Yi Jianlian, DAL",30,6.8,.433,4.5,12.7,21.1,6.7,20.3,13.6,10.48,10.48,-3.1,-0.1,http://insider.espn.go.com/nba/players/hollinger?playerId=3214,Yi Jianlian
338,"Jeremy Tyler, GS",42,13.5,.442,5.6,12.7,19.0,10.8,17.1,14.0,10.46,10.46,-2.9,-0.1,http://insider.espn.go.com/nba/players/hollinger?playerId=6476,Jeremy Tyler
,"Dexter Pittman, MIA",35,8.6,.498,6.8,12.8,16.8,11.1,16.8,14.1,10.46,10.46,-0.7,-0.0,http://insider.espn.go.com/nba/players/hollinger?playerId=4283,Dexter Pittman
340,"Luke Harangody, CLE",21,11.0,.427,7.5,5.0,13.2,9.5,16.9,13.0,10.42,10.42,-1.3,-0.0,http://insider.espn.go.com/nba/players/hollinger?playerId=4276,Luke Harangody
RK,PLAYER,GP,MPG,TS%,AST,TO,USG,ORR,DRR,REBR,PER,,VA,EWA,,
341,"Tyler Honeycutt, SAC",15,5.9,.382,19.9,5.7,13.4,3.6,14.4,8.7,10.41,10.41,-0.5,-0.0,http://insider.espn.go.com/nba/players/hollinger?playerId=6441,Tyler Honeycutt
342,"Earl Boykins, HOU",8,13.9,.458,25.5,10.5,19.8,0.0,11.6,5.7,10.37,10.37,-1.0,-0.0,http://insider.espn.go.com/nba/players/hollinger?playerId=87,Earl Boykins
343,"Johan Petro, NJ",59,15.6,.452,12.5,10.6,14.5,8.3,20.3,14.1,10.32,10.32,-3.9,-0.1,http://insider.espn.go.com/nba/players/hollinger?playerId=2780,Johan Petro
344,"Joel Anthony, MIA",64,21.1,.598,3.8,19.0,6.9,9.2,12.8,11.1,10.30,10.30,-6.0,-0.2,http://insider.espn.go.com/nba/players/hollinger?playerId=3247,Joel Anthony
,"Dahntay Jones, IND",65,16.2,.533,14.5,10.6,15.0,2.5,10.0,6.3,10.30,10.30,-3.2,-0.1,http://insider.espn.go.com/nba/players/hollinger?playerId=2008,Dahntay Jones
346,"Lance Thomas, NO",42,15.0,.541,6.3,12.7,11.9,9.4,14.3,11.9,10.08,10.08,-6.8,-0.2,http://insider.espn.go.com/nba/players/hollinger?playerId=6485,Lance Thomas
347,"Baron Davis, NY",29,20.5,.457,33.3,18.7,20.8,2.5,8.4,5.4,10.05,10.05,-8.4,-0.3,http://insider.espn.go.com/nba/players/hollinger?playerId=194,Baron Davis
348,"Martell Webster, MIN",47,24.3,.533,10.3,11.8,12.4,4.1,12.3,8.2,10.02,10.02,-8.2,-0.3,http://insider.espn.go.com/nba/players/hollinger?playerId=2795,Martell Webster
349,"Courtney Fortson, HOU/LAC",10,9.5,.453,17.1,17.1,23.8,7.3,11.2,9.3,9.98,9.98,-1.4,-0.0,http://insider.espn.go.com/nba/players/hollinger?playerId=6541,Courtney Fortson
,"Will Bynum, DET",36,14.3,.459,19.3,15.8,23.7,2.3,11.1,6.5,9.98,9.98,-7.9,-0.3,http://insider.espn.go.com/nba/players/hollinger?playerId=2816,Will Bynum
Hollinger Stats - Player Efficiency Rating - All Players,,,,,,,,,,,,,,,,
RK,PLAYER,GP,MPG,TS%,AST,TO,USG,ORR,DRR,REBR,PER,,VA,EWA,,
351,"Gilbert Arenas, MEM",17,12.4,.526,18.3,12.2,16.4,1.1,9.0,5.0,9.96,9.96,-3.3,-0.1,http://insider.espn.go.com/nba/players/hollinger?playerId=974,Gilbert Arenas
352,"Kenyon Martin, LAC",42,22.4,.445,6.1,10.9,12.2,6.1,16.9,11.5,9.93,9.93,-22.1,-0.7,http://insider.espn.go.com/nba/players/hollinger?playerId=515,Kenyon Martin
353,"Semih Erden, CLE",28,11.9,.538,7.7,13.7,13.3,6.6,18.5,12.3,9.89,9.89,-3.5,-0.1,http://insider.espn.go.com/nba/players/hollinger?playerId=3425,Semih Erden
354,"Thabo Sefolosha, OKC",42,21.8,.584,18.0,15.3,9.8,2.8,12.5,8.0,9.81,9.81,-9.4,-0.3,http://insider.espn.go.com/nba/players/hollinger?playerId=3028,Thabo Sefolosha
355,"Shane Battier, MIA",65,23.1,.504,19.2,8.7,10.0,4.6,7.7,6.2,9.76,9.76,-16.6,-0.6,http://insider.espn.go.com/nba/players/hollinger?playerId=976,Shane Battier
356,"Sam Young, PHI/MEM",35,10.7,.412,8.9,9.4,17.9,6.0,13.0,9.5,9.75,9.75,-4.2,-0.1,http://insider.espn.go.com/nba/players/hollinger?playerId=4020,Sam Young
357,"Travis Outlaw, SAC",39,12.8,.428,6.9,8.6,17.0,4.0,9.7,6.7,9.68,9.68,-6.1,-0.2,http://insider.espn.go.com/nba/players/hollinger?playerId=2015,Travis Outlaw
,"James Jones, MIA",51,13.1,.567,9.9,5.2,10.8,1.1,7.4,4.4,9.68,9.68,-8.2,-0.3,http://insider.espn.go.com/nba/players/hollinger?playerId=2009,James Jones
359,"Mickell Gladness, GS/MIA",26,9.7,.436,6.6,9.2,11.7,6.4,19.8,13.1,9.57,9.57,-3.9,-0.1,http://insider.espn.go.com/nba/players/hollinger?playerId=4329,Mickell Gladness
360,"Kurt Thomas, POR",53,15.2,.483,18.9,12.8,10.6,5.5,22.1,13.7,9.53,9.53,-12.8,-0.4,http://insider.espn.go.com/nba/players/hollinger?playerId=846,Kurt Thomas
RK,PLAYER,GP,MPG,TS%,AST,TO,USG,ORR,DRR,REBR,PER,,VA,EWA,,
361,"Earl Watson, UTAH",50,20.7,.413,45.0,17.6,13.1,3.3,10.2,6.7,9.46,9.46,-23.7,-0.8,http://insider.espn.go.com/nba/players/hollinger?playerId=1027,Earl Watson
,"Jermaine O'Neal, BOS",25,22.8,.468,6.1,12.8,11.2,8.0,19.4,14.0,9.46,9.46,-9.7,-0.3,http://insider.espn.go.com/nba/players/hollinger?playerId=615,Jermaine O'Neal
363,"Quincy Pondexter, MEM",64,15.7,.517,8.5,9.4,12.1,6.3,8.5,7.3,9.45,9.45,-15.7,-0.5,http://insider.espn.go.com/nba/players/hollinger?playerId=4253,Quincy Pondexter
364,"Wayne Ellington, MIN",51,19.1,.487,8.7,6.9,14.3,1.6,9.7,5.6,9.41,9.41,-20.2,-0.7,http://insider.espn.go.com/nba/players/hollinger?playerId=3981,Wayne Ellington
365,"Rashard Lewis, WSH",28,26.0,.457,9.1,10.8,15.1,5.2,11.7,8.4,9.37,9.37,-12.3,-0.4,http://insider.espn.go.com/nba/players/hollinger?playerId=469,Rashard Lewis
366,"Malcolm Lee, MIN",19,12.8,.466,27.1,14.9,15.1,4.1,7.8,5.9,9.34,9.34,-5.3,-0.2,http://insider.espn.go.com/nba/players/hollinger?playerId=6449,Malcolm Lee
367,"Eduardo Najera, CHA",22,12.3,.441,14.2,8.3,11.4,4.5,17.2,10.6,9.28,9.28,-9.0,-0.3,http://insider.espn.go.com/nba/players/hollinger?playerId=591,Eduardo Najera
,"Kirk Hinrich, ATL",48,25.8,.511,26.4,11.6,13.5,1.1,8.5,4.8,9.28,9.28,-28.1,-0.9,http://insider.espn.go.com/nba/players/hollinger?playerId=1981,Kirk Hinrich
369,"Daequan Cook, OKC",57,17.4,.509,4.5,4.8,12.9,1.5,11.9,7.0,9.26,9.26,-18.2,-0.6,http://insider.espn.go.com/nba/players/hollinger?playerId=3196,Daequan Cook
,"Lamar Odom, DAL",50,20.5,.423,15.7,9.9,18.4,4.0,18.7,11.4,9.26,9.26,-34.4,-1.1,http://insider.espn.go.com/nba/players/hollinger?playerId=617,Lamar Odom
RK,PLAYER,GP,MPG,TS%,AST,TO,USG,ORR,DRR,REBR,PER,,VA,EWA,,
371,"Daniel Gibson, CLE",35,26.2,.493,19.6,11.6,14.7,1.3,11.6,6.3,9.24,9.24,-17.2,-0.6,http://insider.espn.go.com/nba/players/hollinger?playerId=3006,Daniel Gibson
,"Xavier Henry, NO",45,16.9,.450,10.4,10.4,17.0,3.8,12.7,8.3,9.24,9.24,-14.2,-0.5,http://insider.espn.go.com/nba/players/hollinger?playerId=4241,Xavier Henry
373,"Reggie Jackson, OKC",45,11.1,.408,25.5,12.9,18.1,3.4,8.3,6.0,9.22,9.22,-11.8,-0.4,http://insider.espn.go.com/nba/players/hollinger?playerId=6443,Reggie Jackson
374,"Reggie Evans, LAC",56,13.8,.504,10.4,26.8,8.1,15.3,26.7,20.9,9.21,9.21,-26.4,-0.9,http://insider.espn.go.com/nba/players/hollinger?playerId=1828,Reggie Evans
375,"Solomon Jones, NO/LAC",21,13.9,.471,9.2,18.3,16.1,13.1,10.5,11.8,9.17,9.17,-6.2,-0.2,http://insider.espn.go.com/nba/players/hollinger?playerId=3010,Solomon Jones
376,"Eric Maynor, OKC",9,15.2,.466,29.8,14.9,16.9,2.7,7.8,5.4,9.15,9.15,-3.8,-0.1,http://insider.espn.go.com/nba/players/hollinger?playerId=4001,Eric Maynor
377,"Wilson Chandler, DEN",8,26.9,.445,14.3,15.1,19.5,3.4,18.4,11.1,9.08,9.08,-4.6,-0.2,http://insider.espn.go.com/nba/players/hollinger?playerId=3194,Wilson Chandler
,"Maurice Evans, WSH",24,14.3,.497,6.6,7.3,15.0,2.6,5.3,3.9,9.08,9.08,-7.3,-0.2,http://insider.espn.go.com/nba/players/hollinger?playerId=1031,Maurice Evans
379,"Tyrus Thomas, CHA",54,18.8,.418,7.8,11.7,16.9,5.4,17.7,11.3,9.06,9.06,-36.9,-1.2,http://insider.espn.go.com/nba/players/hollinger?playerId=3032,Tyrus Thomas
380,"John Salmons, SAC",46,27.2,.471,18.5,9.0,13.6,1.7,10.5,5.9,9.04,9.04,-27.3,-0.9,http://insider.espn.go.com/nba/players/hollinger?playerId=1726,John Salmons
RK,PLAYER,GP,MPG,TS%,AST,TO,USG,ORR,DRR,REBR,PER,,VA,EWA,,
381,"Troy Murphy, LAL",59,16.2,.537,20.2,10.3,9.2,4.9,16.9,11.2,9.03,9.03,-35.3,-1.2,http://insider.espn.go.com/nba/players/hollinger?playerId=1013,Troy Murphy
382,"Darko Milicic, MIN",29,16.3,.458,8.7,16.4,15.2,8.2,14.6,11.4,9.02,9.02,-11.1,-0.4,http://insider.espn.go.com/nba/players/hollinger?playerId=2171,Darko Milicic
,"DaJuan Summers, NO",15,13.9,.493,11.5,9.2,15.9,4.6,8.4,6.6,9.02,9.02,-5.6,-0.2,http://insider.espn.go.com/nba/players/hollinger?playerId=4012,DaJuan Summers
384,"Donald Sloan, ATL/NO/CLE",33,20.3,.433,28.8,13.4,23.6,0.0,0.0,0.0,8.95,8.95,-20.4,-0.7,http://insider.espn.go.com/nba/players/hollinger?playerId=4303,Donald Sloan
385,"Carldell Johnson, NO",15,7.9,.372,33.7,10.7,17.6,1.0,7.9,4.5,8.92,8.92,-3.3,-0.1,http://insider.espn.go.com/nba/players/hollinger?playerId=6484,Carldell Johnson
386,"DeAndre Liggins, ORL",17,6.8,.495,10.3,20.7,16.1,5.9,9.2,7.5,8.91,8.91,-3.2,-0.1,http://insider.espn.go.com/nba/players/hollinger?playerId=6453,DeAndre Liggins
387,"E'Twaun Moore, BOS",38,8.7,.474,19.9,12.3,18.2,1.5,9.9,5.9,8.90,8.90,-9.4,-0.3,http://insider.espn.go.com/nba/players/hollinger?playerId=6460,E'Twaun Moore
388,"Chuck Hayes, SAC",54,19.2,.460,24.5,15.9,9.7,7.3,18.0,12.4,8.89,8.89,-26.5,-0.9,http://insider.espn.go.com/nba/players/hollinger?playerId=2834,Chuck Hayes
389,"James Anderson, SA",51,11.8,.483,15.3,11.2,15.7,3.1,11.8,7.5,8.87,8.87,-14.7,-0.5,http://insider.espn.go.com/nba/players/hollinger?playerId=4242,James Anderson
390,"Andris Biedrins, GS",47,15.7,.581,16.3,14.3,4.7,6.9,20.0,13.5,8.77,8.77,-20.2,-0.7,http://insider.espn.go.com/nba/players/hollinger?playerId=2427,Andris Biedrins
RK,PLAYER,GP,MPG,TS%,AST,TO,USG,ORR,DRR,REBR,PER,,VA,EWA,,
391,"Alan Anderson, TOR",17,27.1,.519,12.5,12.0,16.9,2.1,6.5,4.3,8.75,8.75,-14.1,-0.5,http://insider.espn.go.com/nba/players/hollinger?playerId=6569,Alan Anderson
,"Morris Almond, WSH",4,16.8,.382,9.4,4.7,11.8,1.7,11.9,6.7,8.75,8.75,-1.8,-0.1,http://insider.espn.go.com/nba/players/hollinger?playerId=3188,Morris Almond
,"Anthony Carter, TOR",24,8.7,.409,31.4,15.7,16.8,2.8,15.6,9.3,8.75,8.75,-7.0,-0.2,http://insider.espn.go.com/nba/players/hollinger?playerId=137,Anthony Carter
394,"Quentin Richardson, ORL",48,18.0,.511,13.7,10.5,12.0,2.0,14.6,8.2,8.73,8.73,-22.9,-0.8,http://insider.espn.go.com/nba/players/hollinger?playerId=703,Quentin Richardson
395,"Kendrick Perkins, OKC",65,26.8,.528,15.4,23.3,10.2,8.4,18.8,13.9,8.69,8.69,-49.8,-1.7,http://insider.espn.go.com/nba/players/hollinger?playerId=2018,Kendrick Perkins
396,"Mickael Pietrus, BOS",42,21.9,.509,7.3,9.7,14.3,2.4,13.7,8.3,8.58,8.58,-26.4,-0.9,http://insider.espn.go.com/nba/players/hollinger?playerId=2173,Mickael Pietrus
397,"Steve Blake, LAL",53,23.3,.493,33.1,13.7,13.4,0.9,6.6,3.8,8.55,8.55,-45.3,-1.5,http://insider.espn.go.com/nba/players/hollinger?playerId=1994,Steve Blake
398,"Andrew Goudelock, LAL",40,10.5,.488,9.1,9.5,19.9,1.4,6.6,4.1,8.48,8.48,-14.5,-0.5,http://insider.espn.go.com/nba/players/hollinger?playerId=6435,Andrew Goudelock
399,"Ronnie Price, PHX",36,14.4,.465,26.4,18.1,16.0,4.0,8.2,6.1,8.46,8.46,-19.6,-0.7,http://insider.espn.go.com/nba/players/hollinger?playerId=2807,Ronnie Price
400,"Mehmet Okur, NJ",17,26.7,.460,15.3,12.7,15.7,5.5,15.5,10.4,8.42,8.42,-14.8,-0.5,http://insider.espn.go.com/nba/players/hollinger?playerId=1014,Mehmet Okur
Hollinger Stats - Player Efficiency Rating - All Players,,,,,,,,,,,,,,,,
RK,PLAYER,GP,MPG,TS%,AST,TO,USG,ORR,DRR,REBR,PER,,VA,EWA,,
401,"Chris Duhon, ORL",63,19.5,.558,34.0,18.2,11.5,1.3,8.4,4.8,8.39,8.39,-47.8,-1.6,http://insider.espn.go.com/nba/players/hollinger?playerId=2377,Chris Duhon
402,"Raja Bell, UTAH",34,23.4,.586,15.6,8.6,11.0,0.9,6.3,3.5,8.36,8.36,-25.4,-0.8,http://insider.espn.go.com/nba/players/hollinger?playerId=49,Raja Bell
403,"Devin Ebanks, LAL",24,16.5,.465,8.9,13.4,12.9,7.7,7.6,7.6,8.35,8.35,-12.7,-0.4,http://insider.espn.go.com/nba/players/hollinger?playerId=4256,Devin Ebanks
404,"Chris Singleton, WSH",66,21.7,.462,11.7,9.1,10.6,3.4,15.1,9.2,8.34,8.34,-46.2,-1.5,http://insider.espn.go.com/nba/players/hollinger?playerId=6470,Chris Singleton
405,"Anthony Tolliver, MIN",51,17.3,.504,8.4,13.3,11.0,6.2,13.0,9.6,8.30,8.30,-42.1,-1.4,http://insider.espn.go.com/nba/players/hollinger?playerId=3276,Anthony Tolliver
406,"Henry Walker, NY",32,19.4,.526,14.7,13.9,14.4,1.7,13.4,7.5,8.24,8.24,-21.0,-0.7,http://insider.espn.go.com/nba/players/hollinger?playerId=3464,Henry Walker
407,"Earl Clark, ORL",45,12.4,.405,9.2,12.8,13.5,7.1,18.6,12.8,8.14,8.14,-22.2,-0.7,http://insider.espn.go.com/nba/players/hollinger?playerId=3971,Earl Clark
408,"Marquis Daniels, BOS",38,12.7,.395,20.6,12.3,16.5,4.1,11.6,8.0,8.12,8.12,-17.2,-0.6,http://insider.espn.go.com/nba/players/hollinger?playerId=2200,Marquis Daniels
409,"Wesley Johnson, MIN",65,22.6,.477,11.1,11.3,13.1,1.8,11.6,6.7,8.08,8.08,-53.0,-1.8,http://insider.espn.go.com/nba/players/hollinger?playerId=4247,Wesley Johnson
410,"Derek Fisher, LAL/OKC",63,23.9,.464,27.4,11.8,13.5,0.9,7.7,4.5,8.02,8.02,-67.2,-2.2,http://insider.espn.go.com/nba/players/hollinger?playerId=246,Derek Fisher
RK,PLAYER,GP,MPG,TS%,AST,TO,USG,ORR,DRR,REBR,PER,,VA,EWA,,
411,"Norris Cole, MIA",65,19.4,.452,18.3,14.5,20.2,2.1,6.4,4.3,7.99,7.99,-56.6,-1.9,http://insider.espn.go.com/nba/players/hollinger?playerId=6431,Norris Cole
412,"Jerry Smith, NJ",5,9.2,.250,22.2,0.0,13.5,4.9,13.0,8.8,7.82,7.82,-1.8,-0.1,http://insider.espn.go.com/nba/players/hollinger?playerId=6528,Jerry Smith
,"Mike Bibby, NY",39,14.3,.404,35.2,8.8,12.3,1.0,11.3,6.1,7.82,7.82,-26.4,-0.9,http://insider.espn.go.com/nba/players/hollinger?playerId=61,Mike Bibby
,"Nolan Smith, POR",44,12.3,.434,20.9,14.2,18.9,3.6,8.6,6.0,7.82,7.82,-24.1,-0.8,http://insider.espn.go.com/nba/players/hollinger?playerId=6471,Nolan Smith
415,"Edwin Ubiles, WSH",4,13.0,.362,4.7,4.7,15.7,4.3,17.5,10.9,7.37,7.37,-2.4,-0.1,http://insider.espn.go.com/nba/players/hollinger?playerId=6518,Edwin Ubiles
416,"Tony Battie, PHI",27,10.9,.398,22.0,5.5,8.6,3.0,22.3,12.6,7.28,7.28,-14.6,-0.5,http://insider.espn.go.com/nba/players/hollinger?playerId=45,Tony Battie
417,"Walker Russell Jr., DET",28,12.8,.401,29.6,16.9,18.0,2.3,6.6,4.4,7.27,7.27,-18.8,-0.6,http://insider.espn.go.com/nba/players/hollinger?playerId=6526,Walker Russell Jr.
418,"Austin Daye, DET",41,14.7,.394,10.3,12.5,20.1,2.7,15.8,9.0,7.19,7.19,-29.8,-1.0,http://insider.espn.go.com/nba/players/hollinger?playerId=3976,Austin Daye
419,"Toney Douglas, NY",38,17.3,.393,17.7,12.9,22.9,2.8,10.0,6.3,7.12,7.12,-38.0,-1.3,http://insider.espn.go.com/nba/players/hollinger?playerId=3979,Toney Douglas
420,"Lance Stephenson, IND",42,10.5,.400,21.4,16.8,16.7,3.1,10.4,6.7,7.07,7.07,-22.6,-0.8,http://insider.espn.go.com/nba/players/hollinger?playerId=4244,Lance Stephenson
RK,PLAYER,GP,MPG,TS%,AST,TO,USG,ORR,DRR,REBR,PER,,VA,EWA,,
421,"Malcolm Thomas, SA",3,5.0,.129,20.5,0.0,11.1,7.8,15.0,11.5,7.06,7.06,-0.8,-0.0,http://insider.espn.go.com/nba/players/hollinger?playerId=6511,Malcolm Thomas
422,"Ryan Hollins, BOS/CLE",39,13.4,.560,5.6,21.7,12.3,7.4,10.7,9.0,6.96,6.96,-28.4,-0.9,http://insider.espn.go.com/nba/players/hollinger?playerId=3008,Ryan Hollins
423,"Damien Wilkins, DET",60,15.4,.445,15.1,10.3,11.6,2.8,10.5,6.5,6.95,6.95,-48.9,-1.6,http://insider.espn.go.com/nba/players/hollinger?playerId=2506,Damien Wilkins
424,"Keyon Dooling, BOS",46,14.4,.515,19.5,13.0,13.9,0.6,6.1,3.5,6.92,6.92,-40.3,-1.3,http://insider.espn.go.com/nba/players/hollinger?playerId=209,Keyon Dooling
425,"Cory Joseph, SA",29,9.2,.374,27.5,9.7,14.9,2.2,8.5,5.4,6.89,6.89,-15.5,-0.5,http://insider.espn.go.com/nba/players/hollinger?playerId=6446,Cory Joseph
426,"DeSagana Diop, CHA",27,12.0,.347,26.5,21.9,8.8,11.2,19.0,15.0,6.84,6.84,-18.2,-0.6,http://insider.espn.go.com/nba/players/hollinger?playerId=992,DeSagana Diop
427,"Sasha Pavlovic, BOS",45,11.7,.456,10.6,11.8,12.1,0.9,14.5,8.0,6.78,6.78,-29.2,-1.0,http://insider.espn.go.com/nba/players/hollinger?playerId=2172,Sasha Pavlovic
428,"Terrel Harris, MIA",22,14.5,.434,18.2,17.5,15.9,7.0,11.9,9.6,6.70,6.70,-19.5,-0.6,http://insider.espn.go.com/nba/players/hollinger?playerId=6490,Terrel Harris
429,"Jon Brockman, MIL",35,6.8,.359,12.7,14.2,10.5,14.8,19.9,17.3,6.65,6.65,-14.8,-0.5,http://insider.espn.go.com/nba/players/hollinger?playerId=3966,Jon Brockman
430,"Dennis Horner, NJ",8,2.8,.434,0.0,14.8,12.4,10.3,16.3,13.2,6.63,6.63,-1.6,-0.1,http://insider.espn.go.com/nba/players/hollinger?playerId=6527,Dennis Horner
RK,PLAYER,GP,MPG,TS%,AST,TO,USG,ORR,DRR,REBR,PER,,VA,EWA,,
431,"Mikki Moore, GS",7,16.9,.520,14.3,20.0,10.7,6.8,14.4,10.6,6.34,6.34,-7.5,-0.3,http://insider.espn.go.com/nba/players/hollinger?playerId=575,Mikki Moore
432,"Francisco Elson, PHI",5,3.2,.333,20.0,20.0,11.1,0.0,7.0,3.5,6.30,6.30,-1.0,-0.0,http://insider.espn.go.com/nba/players/hollinger?playerId=234,Francisco Elson
433,"Damion James, NJ",7,24.3,.422,5.4,21.7,12.7,4.6,18.3,11.3,6.17,6.17,-11.0,-0.4,http://insider.espn.go.com/nba/players/hollinger?playerId=4252,Damion James
434,"Bobby Simmons, LAC",28,14.9,.430,9.6,8.8,10.4,4.8,10.9,7.8,6.06,6.06,-27.7,-0.9,http://insider.espn.go.com/nba/players/hollinger?playerId=1022,Bobby Simmons
435,"Joel Przybilla, POR",27,16.6,.492,7.2,26.2,7.1,7.4,28.9,17.9,6.03,6.03,-30.6,-1.0,http://insider.espn.go.com/nba/players/hollinger?playerId=682,Joel Przybilla
436,"Keith Benson, GS",3,3.0,.000,0.0,0.0,4.4,25.3,12.6,18.9,5.97,5.97,-0.6,-0.0,http://insider.espn.go.com/nba/players/hollinger?playerId=6425,Keith Benson
437,"Larry Owens, NJ",7,10.7,.509,21.3,10.7,8.7,3.0,17.5,10.1,5.86,5.86,-5.5,-0.2,http://insider.espn.go.com/nba/players/hollinger?playerId=4179,Larry Owens
438,"Brian Cook, LAC/WSH",32,8.6,.396,8.1,8.9,18.7,4.1,22.4,13.2,5.85,5.85,-23.3,-0.8,http://insider.espn.go.com/nba/players/hollinger?playerId=1998,Brian Cook
439,"Matt Carroll, CHA",53,11.2,.409,16.1,10.2,14.1,1.5,10.0,5.6,5.68,5.68,-42.9,-1.4,http://insider.espn.go.com/nba/players/hollinger?playerId=2211,Matt Carroll
440,"Erick Dampier, ATL",15,5.5,.125,26.7,20.0,6.0,14.3,21.0,17.7,5.50,5.50,-6.3,-0.2,http://insider.espn.go.com/nba/players/hollinger?playerId=181,Erick Dampier
RK,PLAYER,GP,MPG,TS%,AST,TO,USG,ORR,DRR,REBR,PER,,VA,EWA,,
441,"Darius Morris, LAL",19,8.9,.500,24.4,22.1,17.2,1.4,8.8,5.3,5.22,5.22,-14.1,-0.5,http://insider.espn.go.com/nba/players/hollinger?playerId=6463,Darius Morris
442,"Shawne Williams, NJ",25,20.6,.372,8.8,7.2,13.4,4.4,11.2,7.7,4.96,4.96,-42.5,-1.4,http://insider.espn.go.com/nba/players/hollinger?playerId=3038,Shawne Williams
443,"Justin Dentmon, SA/TOR",6,15.2,.424,21.0,14.7,15.2,0.0,10.1,5.1,4.90,4.90,-8.3,-0.3,http://insider.espn.go.com/nba/players/hollinger?playerId=6483,Justin Dentmon
444,"Christian Eyenga, CLE/LAL",7,14.6,.298,13.7,8.2,12.0,4.3,11.4,7.8,4.83,4.83,-8.6,-0.3,http://insider.espn.go.com/nba/players/hollinger?playerId=3984,Christian Eyenga
445,"Keith Bogans, NJ",5,18.8,.453,10.3,10.3,11.7,6.0,7.6,6.8,4.81,4.81,-8.0,-0.3,http://insider.espn.go.com/nba/players/hollinger?playerId=1995,Keith Bogans
,"Rasual Butler, TOR",34,13.3,.398,11.0,8.7,14.4,1.6,15.4,8.5,4.81,4.81,-38.5,-1.3,http://insider.espn.go.com/nba/players/hollinger?playerId=1767,Rasual Butler
447,"Earl Barron, GS",2,4.5,.500,0.0,0.0,17.6,12.6,0.0,6.3,4.79,4.79,-0.9,-0.0,http://insider.espn.go.com/nba/players/hollinger?playerId=2477,Earl Barron
448,"D.J. Kennedy, CLE",2,29.5,.466,15.9,15.9,11.4,1.9,12.0,6.7,4.75,4.75,-5.3,-0.2,http://insider.espn.go.com/nba/players/hollinger?playerId=6574,D.J. Kennedy
449,"Royal Ivey, OKC",34,10.4,.464,10.5,9.4,9.8,0.3,6.9,3.9,4.72,4.72,-33.2,-1.1,http://insider.espn.go.com/nba/players/hollinger?playerId=2387,Royal Ivey
450,"Jason Kapono, LAL",27,10.0,.476,14.9,8.1,10.0,0.9,4.8,2.9,4.50,4.50,-24.1,-0.8,http://insider.espn.go.com/nba/players/hollinger?playerId=2010,Jason Kapono
Hollinger Stats - Player Efficiency Rating - All Players,,,,,,,,,,,,,,,,
RK,PLAYER,GP,MPG,TS%,AST,TO,USG,ORR,DRR,REBR,PER,,VA,EWA,,
451,"Jeremy Pargo, MEM",44,9.6,.389,20.9,17.5,21.4,3.2,7.0,5.1,4.46,4.46,-41.4,-1.4,http://insider.espn.go.com/nba/players/hollinger?playerId=6497,Jeremy Pargo
452,"Ryan Gomes, LAC",32,13.3,.371,9.5,11.8,11.4,3.9,13.3,8.5,4.44,4.44,-38.4,-1.3,http://insider.espn.go.com/nba/players/hollinger?playerId=2757,Ryan Gomes
453,"DeShawn Stevenson, NJ",51,18.8,.413,17.2,7.9,8.9,0.8,11.7,6.1,4.33,4.33,-88.4,-2.9,http://insider.espn.go.com/nba/players/hollinger?playerId=808,DeShawn Stevenson
454,"Craig Brackins, PHI",14,6.3,.325,17.4,8.7,18.8,6.3,12.7,9.5,4.30,4.30,-8.1,-0.3,http://insider.espn.go.com/nba/players/hollinger?playerId=4254,Craig Brackins
455,"Cory Higgins, CHA",38,11.1,.402,13.8,14.9,22.5,1.8,7.9,4.7,4.17,4.17,-41.9,-1.4,http://insider.espn.go.com/nba/players/hollinger?playerId=6544,Cory Higgins
456,"Marcus Morris Sr., HOU",17,7.4,.348,4.7,6.2,19.7,4.6,10.2,7.4,3.85,3.85,-13.1,-0.4,http://insider.espn.go.com/nba/players/hollinger?playerId=6462,Marcus Morris Sr.
457,"Jason Collins, ATL",30,10.3,.418,15.0,15.0,7.9,4.6,13.6,9.1,3.76,3.76,-31.5,-1.0,http://insider.espn.go.com/nba/players/hollinger?playerId=987,Jason Collins
458,"Juwan Howard, MIA",28,6.8,.354,11.2,22.4,17.4,11.8,17.6,14.8,3.68,3.68,-22.2,-0.7,http://insider.espn.go.com/nba/players/hollinger?playerId=351,Juwan Howard
459,"Luke Walton, CLE/LAL",30,12.1,.423,27.6,21.3,11.5,4.0,11.5,7.6,3.41,3.41,-38.5,-1.3,http://insider.espn.go.com/nba/players/hollinger?playerId=2027,Luke Walton
,"Jamario Moon, CHA",8,15.4,.362,13.2,21.1,11.3,1.8,19.3,10.3,3.41,3.41,-13.0,-0.4,http://insider.espn.go.com/nba/players/hollinger?playerId=3249,Jamario Moon
RK,PLAYER,GP,MPG,TS%,AST,TO,USG,ORR,DRR,REBR,PER,,VA,EWA,,
461,"Josh Selby, MEM",28,8.5,.403,21.9,21.1,19.8,1.0,6.5,3.7,3.36,3.36,-27.0,-0.9,http://insider.espn.go.com/nba/players/hollinger?playerId=6467,Josh Selby
462,"Brian Cardinal, DAL",44,6.3,.373,19.6,9.8,10.3,1.6,12.1,6.9,3.28,3.28,-34.0,-1.1,http://insider.espn.go.com/nba/players/hollinger?playerId=130,Brian Cardinal
463,"Lazar Hayward, OKC",26,5.4,.427,7.1,16.0,14.9,1.7,10.6,6.5,3.15,3.15,-16.1,-0.5,http://insider.espn.go.com/nba/players/hollinger?playerId=4277,Lazar Hayward
464,"Jamaal Magloire, TOR",34,11.0,.360,7.1,25.9,8.9,7.9,27.3,17.7,2.71,2.71,-44.0,-1.5,http://insider.espn.go.com/nba/players/hollinger?playerId=498,Jamaal Magloire
465,"Mychel Thompson, CLE",5,19.0,.375,19.4,13.9,13.2,0.0,6.2,3.0,2.20,2.20,-12.2,-0.4,http://insider.espn.go.com/nba/players/hollinger?playerId=6523,Mychel Thompson
466,"Andres Nocioni, PHI",11,5.1,.342,3.2,16.2,22.0,2.0,25.9,13.9,1.84,1.84,-7.5,-0.2,http://insider.espn.go.com/nba/players/hollinger?playerId=2456,Andres Nocioni
467,"Justin Harper, ORL",14,6.0,.318,5.1,15.2,18.7,4.1,12.5,8.2,1.73,1.73,-11.4,-0.4,http://insider.espn.go.com/nba/players/hollinger?playerId=6438,Justin Harper
468,"Xavier Silas, PHI",2,19.5,.337,13.4,13.4,21.3,5.7,5.7,5.7,0.15,0.15,-6.2,-0.2,http://insider.espn.go.com/nba/players/hollinger?playerId=6499,Xavier Silas
469,"Jeff Foote, NO",4,9.8,.333,0.0,25.0,8.5,3.1,15.0,9.2,-0.84,-0.84,-6.7,-0.2,http://insider.espn.go.com/nba/players/hollinger?playerId=6558,Jeff Foote
470,"Ike Diogu, SA",2,7.0,.347,0.0,25.8,10.9,0.0,8.0,4.1,-2.91,-2.91,-3.0,-0.1,http://insider.espn.go.com/nba/players/hollinger?playerId=2750,Ike Diogu
RK,PLAYER,GP,MPG,TS%,AST,TO,USG,ORR,DRR,REBR,PER,,VA,EWA,,
471,"Darington Hobson, MIL",5,7.8,.154,28.6,9.5,17.0,0.0,8.7,4.2,-3.27,-3.27,-8.2,-0.3,http://insider.espn.go.com/nba/players/hollinger?playerId=4278,Darington Hobson
472,"Kelenna Azubuike, DAL",3,6.0,.438,0.0,33.3,26.7,0.0,0.0,0.0,-3.36,-3.36,-3.7,-0.1,http://insider.espn.go.com/nba/players/hollinger?playerId=2821,Kelenna Azubuike
473,"Dan Gadzuric, NY",2,6.5,.000,0.0,25.8,11.7,8.8,35.9,22.2,-4.26,-4.26,-2.9,-0.1,http://insider.espn.go.com/nba/players/hollinger?playerId=1710,Dan Gadzuric
474,"Larry Hughes, ORL",9,12.7,.262,16.7,28.7,13.4,1.0,4.1,2.5,-4.80,-4.80,-26.0,-0.9,http://insider.espn.go.com/nba/players/hollinger?playerId=356,Larry Hughes
475,"Blake Ahearn, UTAH",4,7.5,.357,5.0,25.0,25.7,0.0,7.7,3.8,-7.17,-7.17,-8.1,-0.3,http://insider.espn.go.com/nba/players/hollinger?playerId=3402,Blake Ahearn
476,"Hamady Ndiaye, WSH",3,1.0,.000,0.0,0.0,13.1,0.0,0.0,0.0,-13.02,-13.02,-1.1,-0.0,http://insider.espn.go.com/nba/players/hollinger?playerId=4282,Hamady Ndiaye
477,"Brian Skinner, MEM",1,4.0,.000,0.0,0.0,10.0,0.0,0.0,0.0,-14.62,-14.62,-1.5,-0.1,http://insider.espn.go.com/nba/players/hollinger?playerId=779,Brian Skinner